,OCPM #,Make/Miss,SR Create TS,SR Close TS,Cust Contact TS,CQ Applied TS,CQ and Create Diff
0,CLKDKDL,Make,2019-12-24 10:47:00,2019-12-27 10:18:00,2019-12-24 15:06:00,2019-12-24 11:11:00,0 days 00:24:00.000000000
1,409QMTZ,Miss,2019-12-19 12:15:00,2020-01-10 15:51:00,2019-12-19 12:16:00,2019-12-20 12:39:00,1 days 00:24:00.000000000
2,409RVRY,Miss,2020-01-02 15:10:00,2020-01-13 14:11:00,,2020-01-02 18:53:00,0 days 03:43:00.000000000
3,409RW88,Make,2020-01-02 16:23:00,2020-01-06 15:51:00,2020-01-06 11:17:00,2020-01-02 18:05:00,0 days 01:42:00.000000000
4,409PNY9,Miss,2019-12-13 23:57:00,2020-01-10 09:21:00,2019-12-16 12:45:00,2019-12-15 22:05:00,1 days 22:08:00.000000000
5,409QH4R,Make,2019-12-18 14:45:00,2019-12-23 10:31:00,2019-12-23 10:02:00,2019-12-19 07:19:00,0 days 16:34:00.000000000
6,409NTKL,Miss,2019-12-10 11:49:00,2019-12-26 10:35:00,,2019-12-12 06:59:00,1 days 19:10:00.000000000
7,409SMPC,Make,2020-01-07 13:49:00,2020-01-09 17:32:00,2020-01-09 16:32:00,2020-01-07 13:57:00,0 days 00:08:00.000000000
8,409RK58,Make,2019-12-30 11:15:00,2020-01-02 13:54:00,,2019-12-30 12:54:00,0 days 01:39:00.000000000
9,409P632,Miss,2019-12-11 10:49:00,2019-12-26 11:34:00,,2019-12-11 11:01:00,0 days 00:12:00.000000000
10,409PLY9,Make,2019-12-13 11:37:00,2019-12-17 09:31:00,2019-12-16 10:18:00,2019-12-13 11:57:00,0 days 00:20:00.000000000
11,409PYT7,Make,2019-12-16 13:09:00,2019-12-21 18:11:00,,2019-12-17 01:25:00,0 days 12:16:00.000000000
12,409MCCR,Miss,2019-12-02 16:33:00,2019-12-19 10:39:00,,2019-12-04 00:01:00,1 days 07:28:00.000000000
13,409SVL4,Make,2020-01-08 09:02:00,2020-01-10 13:21:00,2020-01-08 09:02:00,2020-01-08 09:07:00,0 days 00:05:00.000000000
14,409R39H,Miss,2019-12-23 10:33:00,2019-12-29 18:08:00,,2019-12-23 17:39:00,0 days 07:06:00.000000000
15,409QV4B,Miss,2019-12-20 15:12:00,2020-01-02 11:01:00,2019-12-20 15:23:00,2019-12-20 15:33:00,0 days 00:21:00.000000000
16,409QSHB,Miss,2019-12-20 10:26:00,2020-01-08 12:23:00,2019-12-20 10:49:00,2019-12-20 10:52:00,0 days 00:26:00.000000000
17,409SZBY,Make,2020-01-08 16:15:00,2020-01-13 14:56:00,2020-01-08 16:16:00,2020-01-08 16:20:00,0 days 00:05:00.000000000
18,409RTK6,Make,2020-01-02 11:03:00,2020-01-03 14:07:00,2020-01-02 11:21:00,2020-01-02 11:10:00,0 days 00:07:00.000000000
19,409KV89,Miss,2019-11-22 15:49:00,2020-01-08 16:01:00,2019-12-30 11:36:00,2019-12-30 09:39:00,37 days 17:50:00.000000000
20,409MTY3,Miss,2019-12-04 15:50:00,2019-12-19 11:47:00,,2019-12-04 16:09:00,0 days 00:19:00.000000000
21,409PZ9G,Miss,2019-12-16 14:30:00,2020-01-07 10:45:00,,2019-12-16 14:48:00,0 days 00:18:00.000000000
22,409S3YG,Miss,2020-01-03 12:31:00,2020-01-13 10:54:00,,2020-01-03 12:44:00,0 days 00:13:00.000000000
23,409N4LD,Miss,2019-12-05 13:47:00,2020-01-13 14:14:00,2019-12-05 13:48:00,2019-12-05 13:54:00,0 days 00:07:00.000000000
24,409PNMR,Make,2019-12-13 14:41:00,2019-12-17 12:49:00,2019-12-13 14:47:00,2019-12-13 14:53:00,0 days 00:12:00.000000000
25,409QNTL,Make,2019-12-19 11:53:00,2019-12-24 10:03:00,2019-12-19 13:00:00,2019-12-19 13:12:00,0 days 01:19:00.000000000
26,409QFQL,Miss,2019-12-18 12:08:00,2020-01-10 12:56:00,,2019-12-18 12:13:00,0 days 00:05:00.000000000
27,409P58Q,Miss,2019-12-11 11:58:00,2020-01-10 12:10:00,,2019-12-11 19:02:00,0 days 07:04:00.000000000
28,409P689,Miss,2019-12-11 11:12:00,2020-01-06 10:35:00,,2019-12-12 02:45:00,0 days 15:33:00.000000000
29,409QLQZ,Miss,2019-12-19 09:50:00,2020-01-09 17:02:00,2020-01-05 23:48:00,2019-12-20 12:08:00,1 days 02:18:00.000000000
30,409SV88,Make,2020-01-08 11:27:00,2020-01-13 13:36:00,2020-01-08 11:28:00,2020-01-08 11:35:00,0 days 00:08:00.000000000
31,409R8TC,Make,2019-12-26 10:41:00,2019-12-31 11:17:00,2019-12-26 10:43:00,2019-12-26 10:50:00,0 days 00:09:00.000000000
32,409QW78,Miss,2019-12-21 13:20:00,2019-12-27 12:22:00,2019-12-24 08:02:00,2019-12-23 15:36:00,2 days 02:16:00.000000000
33,409R5V6,Miss,2019-12-24 10:07:00,2020-01-10 14:12:00,2019-12-24 10:07:00,2019-12-24 10:11:00,0 days 00:04:00.000000000
34,409RKRW,Miss,2019-12-30 12:10:00,2020-01-13 09:53:00,,2019-12-30 12:48:00,0 days 00:38:00.000000000
35,409S35F,Make,2020-01-03 12:20:00,2020-01-06 12:26:00,2020-01-03 12:21:00,2020-01-03 12:25:00,0 days 00:05:00.000000000
36,409RTPY,Miss,2020-01-02 12:26:00,2020-01-09 15:12:00,,2020-01-02 17:03:00,0 days 04:37:00.000000000
37,409QMRT,Miss,2019-12-19 12:01:00,2020-01-06 10:31:00,,2019-12-20 06:53:00,0 days 18:52:00.000000000
38,409PM8G,Miss,2019-12-13 13:29:00,2019-12-19 21:38:00,,2019-12-13 13:36:00,0 days 00:07:00.000000000
39,409RNM2,Miss,2019-12-31 08:09:00,2020-01-13 08:10:00,2019-12-31 08:10:00,2019-12-31 08:17:00,0 days 00:08:00.000000000
40,409RDW7,Miss,2019-12-27 13:38:00,2020-01-03 10:31:00,2019-12-27 13:39:00,2019-12-27 13:41:00,0 days 00:03:00.000000000
41,409NMKT,Miss,2019-12-09 10:33:00,2020-01-08 14:54:00,,2019-12-10 11:39:00,1 days 01:06:00.000000000
42,409P5D6,Miss,2019-12-11 09:12:00,2020-01-07 13:28:00,2019-12-11 09:12:00,2019-12-11 09:14:00,0 days 00:02:00.000000000
43,409QMDY,Make,2019-12-19 11:01:00,2019-12-23 16:07:00,2019-12-19 11:04:00,2019-12-19 11:09:00,0 days 00:08:00.000000000
44,409S9KT,Make,2020-01-06 09:34:00,2020-01-07 11:38:00,2020-01-06 09:35:00,2020-01-06 09:47:00,0 days 00:13:00.000000000
45,409QVK4,Miss,2019-12-20 15:56:00,2019-12-27 14:21:00,,2019-12-20 16:03:00,0 days 00:07:00.000000000
46,409S4KZ,Make,2020-01-03 15:22:00,2020-01-07 15:30:00,2020-01-06 09:44:00,2020-01-03 15:25:00,0 days 00:03:00.000000000
47,409QVMK,Miss,2019-12-20 16:38:00,2019-12-26 20:35:00,,2019-12-20 16:46:00,0 days 00:08:00.000000000
48,409QHNT,Miss,2019-12-18 15:35:00,2019-12-26 13:28:00,2019-12-26 08:23:00,2019-12-19 13:17:00,0 days 21:42:00.000000000
49,409PDPZ,Make,2019-12-12 11:36:00,2019-12-17 11:47:00,2019-12-13 09:22:00,2019-12-12 15:22:00,0 days 03:46:00.000000000
50,409KSWG,Miss,2019-11-22 12:34:00,2020-01-10 13:11:00,,2019-11-22 22:30:00,0 days 09:56:00.000000000
51,BNBGMFB,Make,2019-12-27 13:26:00,2019-12-30 13:50:00,2019-12-30 10:24:00,2019-12-27 15:48:00,0 days 02:22:00.000000000
52,409RS6D,Miss,2020-01-02 09:21:00,2020-01-13 09:54:00,,2020-01-02 10:30:00,0 days 01:09:00.000000000
53,409NLHP,Miss,2019-12-09 12:38:00,2020-01-06 12:33:00,,2019-12-10 14:53:00,1 days 02:15:00.000000000
54,409QMW9,Miss,2019-12-19 12:21:00,2020-01-08 10:30:00,2019-12-19 12:23:00,2019-12-19 12:29:00,0 days 00:08:00.000000000
55,409QNJH,Miss,2019-12-19 11:01:00,2020-01-07 11:39:00,2019-12-19 11:02:00,2019-12-19 11:07:00,0 days 00:06:00.000000000
56,409R98Q,Miss,2019-12-26 10:22:00,2020-01-07 10:55:00,2019-12-26 10:25:00,2019-12-26 10:27:00,0 days 00:05:00.000000000
57,409SMB7,Make,2020-01-07 12:59:00,2020-01-11 21:24:00,,2020-01-07 15:08:00,0 days 02:09:00.000000000
58,409S4SG,Make,2020-01-03 14:25:00,2020-01-06 15:16:00,2020-01-03 15:21:00,2020-01-03 15:05:00,0 days 00:40:00.000000000
59,409QMQZ,Make,2019-12-19 10:58:00,2019-12-23 20:21:00,2019-12-19 11:15:00,2019-12-19 11:22:00,0 days 00:24:00.000000000
60,409PYHS,Miss,2019-12-16 12:31:00,2019-12-30 13:53:00,2019-12-19 09:25:00,2019-12-16 12:37:00,0 days 00:06:00.000000000
61,409SB5V,Make,2020-01-06 10:22:00,2020-01-08 15:08:00,2020-01-06 10:27:00,2020-01-06 10:29:00,0 days 00:07:00.000000000
62,409MCJL,Miss,2019-12-02 22:12:00,2019-12-18 13:45:00,,2019-12-03 08:56:00,0 days 10:44:00.000000000
63,409KBYW,Miss,2019-11-20 12:59:00,2019-12-23 11:33:00,,2019-11-21 18:02:00,1 days 05:03:00.000000000
64,409PCN7,Miss,2019-12-12 10:37:00,2020-01-03 14:29:00,2019-12-12 10:39:00,2019-12-12 10:40:00,0 days 00:03:00.000000000
65,409RWDK,Miss,2020-01-02 16:58:00,2020-01-09 21:19:00,2020-01-02 16:58:00,2020-01-02 17:12:00,0 days 00:14:00.000000000
66,409S3Z7,Miss,2020-01-03 13:36:00,2020-01-09 20:02:00,,2020-01-03 15:48:00,0 days 02:12:00.000000000
67,409Q85F,Make,2019-12-17 12:19:00,2019-12-19 17:01:00,2019-12-18 15:13:00,2019-12-18 11:54:00,0 days 23:35:00.000000000
68,409RSWN,Make,2020-01-02 09:50:00,2020-01-06 13:24:00,2020-01-02 11:40:00,2020-01-02 11:29:00,0 days 01:39:00.000000000
69,409QV6N,Miss,2019-12-20 15:25:00,2020-01-10 13:12:00,,2019-12-20 15:31:00,0 days 00:06:00.000000000
70,CLKCGR9,Make,2020-01-07 09:48:00,2020-01-08 12:31:00,2020-01-07 14:17:00,2020-01-07 13:58:00,0 days 04:10:00.000000000
71,409P4Z5,Miss,2019-12-11 08:31:00,2019-12-23 11:46:00,2019-12-11 10:23:00,2019-12-11 10:25:00,0 days 01:54:00.000000000
72,409PD5L,Make,2019-12-12 11:26:00,2019-12-17 16:11:00,2019-12-12 11:26:00,2019-12-12 11:29:00,0 days 00:03:00.000000000
73,409R42G,Miss,2019-12-23 16:21:00,2020-01-08 14:49:00,2019-12-23 16:22:00,2019-12-23 16:26:00,0 days 00:05:00.000000000
74,409R88R,Make,2019-12-26 09:20:00,2019-12-30 15:03:00,,2019-12-26 10:34:00,0 days 01:14:00.000000000
75,409QV55,Miss,2019-12-20 14:17:00,2020-01-09 15:13:00,,2019-12-20 14:35:00,0 days 00:18:00.000000000
76,409RFCP,Make,2019-12-27 16:32:00,2019-12-27 16:38:00,2019-12-27 16:34:00,2019-12-27 16:38:00,0 days 00:06:00.000000000
77,409RL4N,Miss,2019-12-30 14:14:00,2020-01-08 07:58:00,,2019-12-30 14:50:00,0 days 00:36:00.000000000
78,409RNW8,Make,2019-12-31 09:45:00,2020-01-02 13:21:00,2019-12-31 11:33:00,2019-12-31 11:21:00,0 days 01:36:00.000000000
79,409QGMQ,Make,2019-12-18 13:33:00,2019-12-20 15:13:00,2019-12-19 07:48:00,2019-12-18 13:39:00,0 days 00:06:00.000000000
80,BNBJ9CP,Make,2019-12-18 14:42:00,2019-12-23 21:03:00,,2019-12-19 09:03:00,0 days 18:21:00.000000000
81,409S953,Make,2020-01-06 09:51:00,2020-01-09 11:11:00,2020-01-06 10:51:00,2020-01-06 10:18:00,0 days 00:27:00.000000000
82,409PCRV,Miss,2019-12-12 10:51:00,2019-12-24 11:50:00,2019-12-12 10:51:00,2019-12-12 10:54:00,0 days 00:03:00.000000000
83,409PDSN,Make,2019-12-12 11:51:00,2019-12-17 09:25:00,2019-12-13 08:04:00,2019-12-12 15:51:00,0 days 04:00:00.000000000
84,409T7HY,Make,2020-01-09 13:23:00,2020-01-10 08:24:00,2020-01-09 13:24:00,2020-01-09 13:28:00,0 days 00:05:00.000000000
85,409MC96,Miss,2019-12-02 18:39:00,2020-01-09 15:17:00,2019-12-02 18:39:00,2019-12-04 16:54:00,1 days 22:15:00.000000000
86,409R37Y,Make,2019-12-23 13:24:00,2019-12-27 12:25:00,2019-12-23 13:25:00,2019-12-23 13:31:00,0 days 00:07:00.000000000
87,409N285,Miss,2019-12-05 10:41:00,2020-01-06 15:33:00,,2019-12-05 21:24:00,0 days 10:43:00.000000000
88,409LFC8,Miss,2019-11-26 10:38:00,2019-12-18 14:40:00,,2019-11-27 13:19:00,1 days 02:41:00.000000000
89,409Q89R,Make,2019-12-17 14:41:00,2019-12-18 11:41:00,2019-12-18 09:46:00,2019-12-17 16:44:00,0 days 02:03:00.000000000
90,409S4KF,Make,2020-01-03 13:15:00,2020-01-08 14:13:00,,2020-01-03 15:00:00,0 days 01:45:00.000000000
91,409Q7NM,Miss,2019-12-17 14:21:00,2019-12-23 21:35:00,,2019-12-17 23:20:00,0 days 08:59:00.000000000
92,409QLKW,Make,2019-12-19 09:29:00,2019-12-23 21:16:00,,2019-12-19 09:33:00,0 days 00:04:00.000000000
93,409TDSC,Make,2020-01-10 10:59:00,2020-01-10 11:06:00,,2020-01-10 11:06:00,0 days 00:07:00.000000000
94,409QHLW,Miss,2019-12-18 14:23:00,2020-01-03 14:18:00,2019-12-30 11:48:00,2019-12-19 12:48:00,0 days 22:25:00.000000000
95,409MB67,Miss,2019-12-02 15:02:00,2020-01-08 14:10:00,,2019-12-03 04:34:00,0 days 13:32:00.000000000
96,409RZKN,Make,2020-01-03 08:45:00,2020-01-07 14:52:00,2020-01-03 11:21:00,2020-01-03 08:48:00,0 days 00:03:00.000000000
97,409MRVZ,Miss,2019-12-04 11:13:00,2019-12-18 16:41:00,,2019-12-05 13:28:00,1 days 02:15:00.000000000
98,409RWCJ,Make,2020-01-02 15:47:00,2020-01-06 12:40:00,2020-01-02 19:07:00,2020-01-02 15:54:00,0 days 00:07:00.000000000
99,409Q7YV,Miss,2019-12-17 14:57:00,2019-12-31 13:10:00,,2019-12-17 18:50:00,0 days 03:53:00.000000000
100,409QHCC,Make,2019-12-18 16:29:00,2019-12-20 15:29:00,2019-12-19 11:23:00,2019-12-19 11:25:00,0 days 18:56:00.000000000
101,409N7ZQ,Miss,2019-12-06 09:21:00,2019-12-18 13:42:00,2019-12-18 12:02:00,2019-12-08 12:32:00,2 days 03:11:00.000000000
102,409NVG3,Miss,2019-12-10 12:41:00,2020-01-02 11:38:00,,2019-12-11 05:08:00,0 days 16:27:00.000000000
103,BNBG9T9,Miss,2019-12-31 10:22:00,2020-01-10 15:15:00,,2019-12-31 11:34:00,0 days 01:12:00.000000000
104,409PCS3,Miss,2019-12-12 07:54:00,2019-12-19 11:23:00,2019-12-17 15:49:00,2019-12-12 08:02:00,0 days 00:08:00.000000000
105,409NYGG,Miss,2019-12-10 18:03:00,2019-12-20 14:36:00,2019-12-12 11:07:00,2019-12-11 14:48:00,0 days 20:45:00.000000000
106,409RDS8,Make,2019-12-27 13:13:00,2019-12-30 22:20:00,2019-12-27 13:16:00,2019-12-27 13:20:00,0 days 00:07:00.000000000
107,409NRRP,Miss,2019-12-10 09:09:00,2020-01-03 10:30:00,2019-12-10 09:11:00,2019-12-10 09:14:00,0 days 00:05:00.000000000
108,409RLN2,Miss,2019-12-30 14:01:00,2020-01-13 12:58:00,,2019-12-30 14:08:00,0 days 00:07:00.000000000
109,409NB6Q,Miss,2019-12-06 10:49:00,2019-12-18 12:01:00,2019-12-06 10:50:00,2019-12-06 10:58:00,0 days 00:09:00.000000000
110,409QZZ5,Miss,2019-12-23 08:54:00,2020-01-03 10:00:00,2019-12-30 13:06:00,2019-12-23 09:06:00,0 days 00:12:00.000000000
111,409S2N3,Make,2020-01-03 11:07:00,2020-01-07 10:43:00,,2020-01-03 11:11:00,0 days 00:04:00.000000000
112,409N4KG,Miss,2019-12-05 14:40:00,2019-12-20 15:37:00,,2019-12-06 12:54:00,0 days 22:14:00.000000000
113,409Q9H4,Make,2019-12-18 00:30:00,2019-12-23 13:35:00,2019-12-18 00:38:00,2019-12-18 00:40:00,0 days 00:10:00.000000000
114,409MKLT,Miss,2019-12-03 14:55:00,2020-01-02 11:29:00,2019-12-04 09:30:00,2019-12-04 09:33:00,0 days 18:38:00.000000000
115,409P6DR,Miss,2019-12-11 14:33:00,2019-12-19 11:24:00,2019-12-13 13:19:00,2019-12-13 08:47:00,1 days 18:14:00.000000000
116,409RSVH,Make,2020-01-02 10:48:00,2020-01-06 21:21:00,,2020-01-02 11:02:00,0 days 00:14:00.000000000
117,409PZTY,Miss,2019-12-16 20:51:00,2019-12-31 09:42:00,,2019-12-16 22:59:00,0 days 02:08:00.000000000
118,409QSMK,Miss,2019-12-20 10:49:00,2020-01-07 10:09:00,2019-12-30 09:39:00,2019-12-22 16:35:00,2 days 05:46:00.000000000
119,BNBHFRQ,Miss,2019-12-23 11:48:00,2020-01-02 11:09:00,2019-12-24 11:26:00,2019-12-23 13:20:00,0 days 01:32:00.000000000
120,409GZ7J,Miss,2019-11-07 15:08:00,2019-12-19 12:59:00,,2019-11-07 15:15:00,0 days 00:07:00.000000000
121,409QVJW,Miss,2019-12-20 16:53:00,2020-01-06 14:49:00,,2019-12-20 16:55:00,0 days 00:02:00.000000000
122,409MM49,Miss,2019-12-03 21:03:00,2020-01-02 13:29:00,2019-12-03 21:03:00,2019-12-03 21:11:00,0 days 00:08:00.000000000
123,409SD6F,Make,2020-01-06 14:13:00,2020-01-08 12:39:00,2020-01-07 12:26:00,2020-01-07 12:09:00,0 days 21:56:00.000000000
124,409PVGG,Make,2019-12-16 11:07:00,2019-12-19 14:06:00,2019-12-16 16:34:00,2019-12-16 11:16:00,0 days 00:09:00.000000000
125,409KWT5,Miss,2019-11-24 12:44:00,2019-12-18 12:37:00,,2019-11-24 18:47:00,0 days 06:03:00.000000000
126,409QV83,Make,2019-12-20 13:35:00,2019-12-23 14:11:00,2019-12-23 08:30:00,2019-12-20 13:36:00,0 days 00:01:00.000000000
127,409P5D2,Miss,2019-12-11 10:16:00,2020-01-08 13:58:00,2019-12-11 10:38:00,2019-12-11 10:48:00,0 days 00:32:00.000000000
128,409R9QM,Make,2019-12-26 15:31:00,2019-12-30 21:18:00,2019-12-26 15:33:00,2019-12-26 15:40:00,0 days 00:09:00.000000000
129,409M8TF,Miss,2019-12-02 11:27:00,2019-12-20 15:33:00,,2019-12-02 18:06:00,0 days 06:39:00.000000000
130,409PWQD,Miss,2019-12-16 13:47:00,2020-01-06 09:32:00,2019-12-16 13:48:00,2019-12-16 13:54:00,0 days 00:07:00.000000000
131,BNBFG8B,Make,2020-01-06 09:42:00,2020-01-09 10:52:00,2020-01-07 11:25:00,2020-01-06 09:55:00,0 days 00:13:00.000000000
132,409SCCN,Miss,2020-01-06 13:35:00,2020-01-13 16:36:00,2020-01-08 08:57:00,2020-01-08 09:01:00,1 days 19:26:00.000000000
133,409QDNK,Miss,2019-12-18 10:14:00,2020-01-10 13:22:00,2019-12-19 08:08:00,2019-12-18 15:31:00,0 days 05:17:00.000000000
134,409Q5HP,Make,2019-12-17 10:22:00,2019-12-17 10:43:00,,2019-12-17 10:43:00,0 days 00:21:00.000000000
135,409T8GS,Make,2020-01-09 16:25:00,2020-01-13 16:05:00,2020-01-09 16:34:00,2020-01-09 16:39:00,0 days 00:14:00.000000000
136,409L523,Miss,2019-11-25 11:55:00,2019-12-19 12:38:00,2019-11-26 08:52:00,2019-11-25 23:19:00,0 days 11:24:00.000000000
137,409RK2C,Miss,2019-12-30 10:04:00,2020-01-10 15:15:00,2019-12-30 10:04:00,2019-12-30 10:18:00,0 days 00:14:00.000000000
138,409Q8DL,Make,2019-12-17 15:56:00,2019-12-21 21:26:00,2019-12-17 15:57:00,2019-12-17 16:03:00,0 days 00:07:00.000000000
139,409RW7J,Make,2020-01-02 16:19:00,2020-01-06 14:31:00,2020-01-06 07:48:00,2020-01-02 22:18:00,0 days 05:59:00.000000000
140,409PML5,Make,2019-12-13 14:21:00,2019-12-19 09:00:00,2019-12-16 09:46:00,2019-12-15 10:58:00,1 days 20:37:00.000000000
141,409P4JD,Miss,2019-12-11 10:47:00,2019-12-24 12:42:00,,2019-12-12 17:15:00,1 days 06:28:00.000000000
142,409P73W,Miss,2019-12-11 16:10:00,2019-12-26 10:42:00,,2019-12-12 22:12:00,1 days 06:02:00.000000000
143,BNBFSFS,Make,2020-01-02 15:06:00,2020-01-07 13:31:00,2020-01-02 16:53:00,2020-01-02 15:16:00,0 days 00:10:00.000000000
144,409Q986,Make,2019-12-17 18:07:00,2019-12-30 12:36:00,,2019-12-18 05:08:00,0 days 11:01:00.000000000
145,409PWK2,Make,2019-12-16 13:21:00,2019-12-18 12:27:00,2019-12-16 13:22:00,2019-12-16 13:25:00,0 days 00:04:00.000000000
146,409R9TC,Miss,2019-12-26 16:12:00,2020-01-03 15:51:00,2019-12-26 16:19:00,2019-12-26 16:23:00,0 days 00:11:00.000000000
147,409QZMC,Miss,2019-12-23 08:53:00,2020-01-08 17:53:00,2019-12-23 08:54:00,2019-12-23 09:03:00,0 days 00:10:00.000000000
148,409NNCM,Miss,2019-12-09 14:27:00,2019-12-26 14:30:00,,2019-12-11 08:56:00,1 days 18:29:00.000000000
149,409R8F4,Miss,2019-12-26 09:57:00,2020-01-02 21:25:00,2019-12-26 09:58:00,2019-12-26 10:31:00,0 days 00:34:00.000000000
150,409RL4P,Make,2019-12-30 14:13:00,2020-01-03 10:58:00,2020-01-03 10:18:00,2019-12-30 15:40:00,0 days 01:27:00.000000000
151,409S3M4,Make,2020-01-03 13:41:00,2020-01-06 12:50:00,2020-01-06 09:00:00,2020-01-03 14:21:00,0 days 00:40:00.000000000
152,409N5DC,Miss,2019-12-05 18:42:00,2020-01-06 14:45:00,,2019-12-07 02:06:00,1 days 07:24:00.000000000
153,409SCM5,Make,2020-01-06 14:12:00,2020-01-10 21:25:00,2020-01-06 14:12:00,2020-01-06 14:20:00,0 days 00:08:00.000000000
154,409RLPQ,Miss,2019-12-30 16:16:00,2020-01-10 16:00:00,2019-12-30 16:16:00,2019-12-30 16:28:00,0 days 00:12:00.000000000
155,409RM2N,Miss,2019-12-30 14:59:00,2020-01-09 17:32:00,2019-12-31 12:30:00,2019-12-31 06:56:00,0 days 15:57:00.000000000
156,409N4NH,Miss,2019-12-05 14:54:00,2019-12-24 10:46:00,,2019-12-06 15:24:00,1 days 00:30:00.000000000
157,409RVQ4,Miss,2020-01-02 13:03:00,2020-01-10 12:50:00,,2020-01-02 13:06:00,0 days 00:03:00.000000000
158,409QZCH,Make,2019-12-23 07:52:00,2019-12-27 21:10:00,,2019-12-23 14:40:00,0 days 06:48:00.000000000
159,409MKSG,Miss,2019-12-03 15:25:00,2019-12-17 19:37:00,,2019-12-03 15:46:00,0 days 00:21:00.000000000
160,409QVCV,Miss,2019-12-20 15:04:00,2020-01-06 10:35:00,2019-12-20 15:05:00,2019-12-20 15:07:00,0 days 00:03:00.000000000
161,409PW84,Make,2019-12-16 12:35:00,2019-12-18 11:27:00,2019-12-16 12:36:00,2019-12-16 18:26:00,0 days 05:51:00.000000000
162,409Q8J3,Miss,2019-12-17 16:12:00,2020-01-03 11:00:00,2019-12-18 11:30:00,2019-12-17 18:59:00,0 days 02:47:00.000000000
163,409N9GV,Miss,2019-12-06 12:06:00,2019-12-18 12:49:00,2019-12-06 12:06:00,2019-12-06 12:10:00,0 days 00:04:00.000000000
164,409QC74,Make,2019-12-18 06:21:00,2019-12-20 13:21:00,2019-12-19 08:16:00,2019-12-18 11:32:00,0 days 05:11:00.000000000
165,409NY5T,Miss,2019-12-10 17:42:00,2019-12-18 16:47:00,2019-12-18 16:23:00,2019-12-11 10:39:00,0 days 16:57:00.000000000
166,409MG3T,Miss,2019-12-03 07:40:00,2019-12-18 18:37:00,,2019-12-03 13:02:00,0 days 05:22:00.000000000
167,409PZ6D,Make,2019-12-16 17:02:00,2019-12-17 14:01:00,2019-12-16 17:03:00,2019-12-16 17:05:00,0 days 00:03:00.000000000
168,409N3CS,Miss,2019-12-05 11:53:00,2020-01-13 08:40:00,,2019-12-05 14:46:00,0 days 02:53:00.000000000
169,409QSSS,Make,2019-12-20 11:19:00,2019-12-23 12:17:00,2019-12-20 11:20:00,2019-12-20 11:22:00,0 days 00:03:00.000000000
170,409Q8MY,Miss,2019-12-17 14:40:00,2019-12-30 16:58:00,2019-12-17 14:40:00,2019-12-17 14:45:00,0 days 00:05:00.000000000
171,409RV8V,Make,2020-01-02 12:52:00,2020-01-06 20:27:00,,2020-01-02 15:31:00,0 days 02:39:00.000000000
172,409PTL8,Miss,2019-12-16 08:51:00,2020-01-06 14:34:00,2019-12-16 08:51:00,2019-12-16 08:56:00,0 days 00:05:00.000000000
173,409N9VS,Miss,2019-12-06 11:09:00,2019-12-23 17:22:00,,2019-12-08 09:58:00,1 days 22:49:00.000000000
174,409RNN2,Miss,2019-12-31 11:18:00,2020-01-07 15:49:00,2020-01-02 09:41:00,2019-12-31 12:35:00,0 days 01:17:00.000000000
175,409S8KC,Make,2020-01-06 07:54:00,2020-01-08 12:15:00,2020-01-06 10:01:00,2020-01-06 09:05:00,0 days 01:11:00.000000000
176,409SF52,Make,2020-01-06 16:26:00,2020-01-07 11:01:00,2020-01-07 10:12:00,2020-01-06 16:31:00,0 days 00:05:00.000000000
177,409LL9W,Miss,2019-11-27 08:30:00,2019-12-17 11:48:00,,2019-11-27 21:07:00,0 days 12:37:00.000000000
178,409QMW5,Make,2019-12-19 11:18:00,2019-12-23 14:25:00,2019-12-20 12:13:00,2019-12-19 15:30:00,0 days 04:12:00.000000000
179,409SW5Z,Make,2020-01-08 12:08:00,2020-01-13 15:11:00,2020-01-08 12:08:00,2020-01-08 12:31:00,0 days 00:23:00.000000000
180,409MHV9,Miss,2019-12-03 11:51:00,2019-12-17 11:40:00,2019-12-03 11:54:00,2019-12-03 12:11:00,0 days 00:20:00.000000000
181,409RP3P,Miss,2019-12-31 13:31:00,2020-01-07 13:02:00,2020-01-06 16:04:00,2020-01-06 16:06:00,6 days 02:35:00.000000000
182,409QNC6,Miss,2019-12-19 11:28:00,2020-01-06 12:52:00,2019-12-19 11:29:00,2019-12-19 11:39:00,0 days 00:11:00.000000000
183,409QNRW,Make,2019-12-19 11:41:00,2019-12-27 19:18:00,2019-12-19 11:51:00,2019-12-19 11:48:00,0 days 00:07:00.000000000
184,409PZF3,Miss,2019-12-16 15:01:00,2020-01-10 11:30:00,,2019-12-16 15:06:00,0 days 00:05:00.000000000
185,409PY2L,Make,2019-12-16 14:22:00,2019-12-17 14:02:00,2019-12-17 07:36:00,2019-12-16 14:28:00,0 days 00:06:00.000000000
186,409PCZL,Miss,2019-12-12 11:10:00,2020-01-03 14:35:00,,2019-12-12 17:07:00,0 days 05:57:00.000000000
187,409RM6V,Miss,2019-12-30 18:41:00,2020-01-06 20:14:00,2019-12-30 18:43:00,2019-12-30 18:45:00,0 days 00:04:00.000000000
188,409SZ7B,Make,2020-01-08 18:17:00,2020-01-12 21:12:00,,2020-01-08 18:23:00,0 days 00:06:00.000000000
189,409PZM9,Miss,2019-12-16 19:15:00,2019-12-26 15:25:00,2019-12-17 09:20:00,2019-12-16 23:21:00,0 days 04:06:00.000000000
190,BNBK9FS,Make,2019-12-13 09:13:00,2019-12-18 16:29:00,2019-12-17 08:19:00,2019-12-13 22:43:00,0 days 13:30:00.000000000
191,409PP6N,Make,2019-12-14 11:25:00,2019-12-18 13:46:00,2019-12-14 11:29:00,2019-12-14 11:40:00,0 days 00:15:00.000000000
192,409SYHW,Make,2020-01-08 14:49:00,2020-01-13 13:03:00,2020-01-10 10:10:00,2020-01-10 10:06:00,1 days 19:17:00.000000000
193,409PTGL,Make,2019-12-16 09:39:00,2019-12-18 10:33:00,2019-12-16 09:40:00,2019-12-16 09:51:00,0 days 00:12:00.000000000
194,409JRD9,Miss,2019-11-18 13:04:00,2020-01-10 16:22:00,,2019-11-19 12:49:00,0 days 23:45:00.000000000
195,409N3BL,Miss,2019-12-05 12:48:00,2019-12-19 21:20:00,,2019-12-06 10:07:00,0 days 21:19:00.000000000
196,409QVR6,Miss,2019-12-20 18:29:00,2020-01-03 10:17:00,2019-12-23 17:32:00,2019-12-23 11:30:00,2 days 17:01:00.000000000
197,409NV3B,Miss,2019-12-10 11:51:00,2019-12-17 17:03:00,2019-12-11 08:39:00,2019-12-10 14:50:00,0 days 02:59:00.000000000
198,409PMT7,Miss,2019-12-13 14:06:00,2019-12-19 20:37:00,2019-12-13 14:11:00,2019-12-13 14:15:00,0 days 00:09:00.000000000
199,409MS4N,Miss,2019-12-04 11:39:00,2019-12-20 12:43:00,,2019-12-04 11:46:00,0 days 00:07:00.000000000
200,409Q7D2,Miss,2019-12-17 13:36:00,2019-12-30 14:47:00,2019-12-17 13:52:00,2019-12-17 13:56:00,0 days 00:20:00.000000000
201,409NL5R,Miss,2019-12-09 12:50:00,2019-12-20 08:01:00,2019-12-10 15:23:00,2019-12-11 15:32:00,2 days 02:42:00.000000000
202,409SCG6,Make,2020-01-06 10:45:00,2020-01-08 16:20:00,2020-01-06 10:50:00,2020-01-06 10:48:00,0 days 00:03:00.000000000
203,409NTJD,Miss,2019-12-10 11:44:00,2019-12-23 09:35:00,,2019-12-11 09:13:00,0 days 21:29:00.000000000
204,409QDV4,Miss,2019-12-18 10:34:00,2019-12-29 21:01:00,2019-12-19 10:25:00,2019-12-19 10:34:00,1 days 00:00:00.000000000
205,409MGTJ,Miss,2019-12-03 09:58:00,2019-12-23 10:32:00,2019-12-03 09:59:00,2019-12-03 11:10:00,0 days 01:12:00.000000000
206,409SWMY,Make,2020-01-08 13:04:00,2020-01-13 16:02:00,2020-01-09 11:04:00,2020-01-09 10:10:00,0 days 21:06:00.000000000
207,409NNRD,Miss,2019-12-09 20:45:00,2019-12-23 12:38:00,2019-12-09 20:47:00,2019-12-09 20:48:00,0 days 00:03:00.000000000
208,409R2TL,Make,2019-12-23 12:04:00,2019-12-27 15:14:00,2019-12-23 15:12:00,2019-12-23 14:41:00,0 days 02:37:00.000000000
209,409SCSK,Make,2020-01-06 14:57:00,2020-01-06 15:16:00,2020-01-06 15:09:00,2020-01-06 15:16:00,0 days 00:19:00.000000000
210,409RJPY,Miss,2019-12-30 10:25:00,2020-01-05 21:10:00,2019-12-30 10:26:00,2019-12-30 10:29:00,0 days 00:04:00.000000000
211,409LPBH,Miss,2019-11-27 16:08:00,2019-12-23 21:42:00,,2019-11-27 16:30:00,0 days 00:22:00.000000000
212,409PK54,Miss,2019-12-13 08:58:00,2019-12-19 21:33:00,2019-12-13 09:03:00,2019-12-13 09:07:00,0 days 00:09:00.000000000
213,409QPCW,Make,2019-12-19 16:30:00,2019-12-23 21:23:00,2019-12-19 16:30:00,2019-12-19 16:38:00,0 days 00:08:00.000000000
214,409PF59,Make,2019-12-12 13:41:00,2019-12-17 13:52:00,2019-12-12 13:41:00,2019-12-12 13:48:00,0 days 00:07:00.000000000
215,409RP4P,Miss,2019-12-31 10:43:00,2020-01-06 13:13:00,2019-12-31 10:43:00,2019-12-31 13:03:00,0 days 02:20:00.000000000
216,409QD6Z,Miss,2019-12-18 09:27:00,2020-01-06 14:29:00,2019-12-23 11:35:00,2019-12-19 11:39:00,1 days 02:12:00.000000000
217,409N3K6,Miss,2019-12-05 13:27:00,2019-12-30 10:38:00,,2019-12-05 13:37:00,0 days 00:10:00.000000000
218,409QT3T,Miss,2019-12-20 11:59:00,2019-12-26 21:34:00,,2019-12-20 12:04:00,0 days 00:05:00.000000000
219,409L469,Miss,2019-11-25 10:38:00,2020-01-06 17:30:00,,2019-11-25 11:05:00,0 days 00:27:00.000000000
220,409R8HZ,Miss,2019-12-26 10:23:00,2020-01-02 21:25:00,,2019-12-26 10:28:00,0 days 00:05:00.000000000
221,409NW7C,Miss,2019-12-10 14:13:00,2019-12-17 12:44:00,,2019-12-10 17:53:00,0 days 03:40:00.000000000
222,409NBTV,Miss,2019-12-06 15:37:00,2019-12-19 14:48:00,,2019-12-06 17:31:00,0 days 01:54:00.000000000
223,409QMY3,Make,2019-12-19 12:23:00,2019-12-23 21:21:00,,2019-12-19 18:23:00,0 days 06:00:00.000000000
224,409Q87B,Make,2019-12-17 15:27:00,2019-12-20 17:19:00,2019-12-20 13:38:00,2019-12-18 14:28:00,0 days 23:01:00.000000000
225,409RTRR,Make,2020-01-02 11:39:00,2020-01-06 14:20:00,2020-01-02 11:39:00,2020-01-02 11:46:00,0 days 00:07:00.000000000
226,409Q653,Make,2019-12-17 11:20:00,2019-12-18 13:45:00,2019-12-17 11:22:00,2019-12-17 11:33:00,0 days 00:13:00.000000000
227,409QMN3,Make,2019-12-19 09:42:00,2019-12-23 13:06:00,2019-12-19 10:12:00,2019-12-19 09:50:00,0 days 00:08:00.000000000
228,BNBKGPW,Make,2019-12-12 09:29:00,2019-12-17 12:40:00,2019-12-17 07:44:00,2019-12-13 11:41:00,1 days 02:12:00.000000000
229,409Q92B,Miss,2019-12-17 14:48:00,2019-12-31 14:21:00,,2019-12-18 12:13:00,0 days 21:25:00.000000000
230,409QFRJ,Make,2019-12-18 12:11:00,2019-12-22 21:10:00,2019-12-18 12:14:00,2019-12-18 12:22:00,0 days 00:11:00.000000000
231,409LTK6,Miss,2019-11-28 11:39:00,2020-01-06 17:26:00,2019-11-28 11:39:00,2019-11-28 12:02:00,0 days 00:23:00.000000000
232,409MRCF,Miss,2019-12-04 10:21:00,2020-01-06 12:30:00,,2019-12-05 04:13:00,0 days 17:52:00.000000000
233,409P6T2,Miss,2019-12-11 15:29:00,2019-12-17 17:27:00,2019-12-13 09:59:00,2019-12-12 16:50:00,1 days 01:21:00.000000000
234,409P5DR,Miss,2019-12-11 11:14:00,2019-12-17 15:53:00,2019-12-13 15:43:00,2019-12-12 13:15:00,1 days 02:01:00.000000000
235,409RWKV,Make,2020-01-02 17:46:00,2020-01-06 15:05:00,2020-01-03 12:24:00,2020-01-02 21:48:00,0 days 04:02:00.000000000
236,409M2NC,Miss,2019-11-29 16:21:00,2019-12-24 19:19:00,2019-11-29 16:21:00,2019-11-29 16:23:00,0 days 00:02:00.000000000
237,409PYCW,Miss,2019-12-16 13:02:00,2020-01-06 16:28:00,2019-12-16 14:30:00,2019-12-16 14:33:00,0 days 01:31:00.000000000
238,409RKRS,Miss,2019-12-30 10:06:00,2020-01-09 11:29:00,,2019-12-30 10:18:00,0 days 00:12:00.000000000
239,409JHFW,Miss,2019-11-15 14:16:00,2020-01-10 10:13:00,,2019-11-17 02:05:00,1 days 11:49:00.000000000
240,409RWHB,Make,2020-01-02 17:22:00,2020-01-07 11:57:00,2020-01-02 17:23:00,2020-01-02 17:37:00,0 days 00:15:00.000000000
241,409QTZW,Make,2019-12-20 11:51:00,2019-12-23 12:30:00,2019-12-20 15:21:00,2019-12-20 15:09:00,0 days 03:18:00.000000000
242,409NM99,Miss,2019-12-09 11:59:00,2020-01-06 13:34:00,2019-12-09 12:00:00,2019-12-09 12:04:00,0 days 00:05:00.000000000
243,409R233,Make,2019-12-23 10:05:00,2019-12-27 21:13:00,2019-12-23 10:06:00,2019-12-23 10:17:00,0 days 00:12:00.000000000
244,409PYHQ,Miss,2019-12-16 12:21:00,2019-12-23 11:02:00,2019-12-17 13:04:00,2019-12-20 06:40:00,3 days 18:19:00.000000000
245,409S8N3,Make,2020-01-06 09:06:00,2020-01-07 12:33:00,2020-01-07 11:35:00,2020-01-06 09:20:00,0 days 00:14:00.000000000
246,409G9FZ,Miss,2019-11-05 08:49:00,2019-12-17 18:22:00,2019-11-05 08:49:00,2019-11-05 08:53:00,0 days 00:04:00.000000000
247,CLKDBFM,Miss,2019-12-28 15:43:00,2020-01-03 10:41:00,2019-12-30 08:29:00,2019-12-30 07:53:00,1 days 16:10:00.000000000
248,409QGHJ,Make,2019-12-18 14:11:00,2019-12-20 11:33:00,2019-12-19 12:59:00,2019-12-18 16:29:00,0 days 02:18:00.000000000
249,409SWCD,Make,2020-01-08 12:30:00,2020-01-10 15:28:00,2020-01-08 12:30:00,2020-01-08 12:38:00,0 days 00:08:00.000000000
250,409SKLB,Make,2020-01-07 11:18:00,2020-01-10 16:32:00,2020-01-07 11:59:00,2020-01-07 11:34:00,0 days 00:16:00.000000000
251,409K9K2,Miss,2019-11-20 10:33:00,2019-12-30 11:26:00,2019-11-21 13:48:00,2019-11-21 13:49:00,1 days 03:16:00.000000000
252,409PWTS,Make,2019-12-16 11:00:00,2019-12-20 18:12:00,,2019-12-16 13:39:00,0 days 02:39:00.000000000
253,409SNPW,Make,2020-01-07 16:22:00,2020-01-11 21:26:00,,2020-01-07 16:24:00,0 days 00:02:00.000000000
254,409M33C,Miss,2019-11-30 13:42:00,2019-12-18 13:37:00,2019-11-30 13:43:00,2019-11-30 13:47:00,0 days 00:05:00.000000000
255,409N58D,Miss,2019-12-05 16:44:00,2019-12-30 11:38:00,,2019-12-06 06:02:00,0 days 13:18:00.000000000
256,409M9SV,Miss,2019-12-02 14:18:00,2019-12-19 21:15:00,2019-12-03 11:46:00,2019-12-06 16:12:00,4 days 01:54:00.000000000
257,BNBJMSP,Miss,2019-12-16 16:49:00,2019-12-30 16:52:00,2019-12-19 16:49:00,2019-12-16 19:26:00,0 days 02:37:00.000000000
258,409PFVY,Miss,2019-12-12 14:33:00,2019-12-19 15:09:00,2019-12-16 09:48:00,2019-12-15 12:43:00,2 days 22:10:00.000000000
259,409NVHK,Miss,2019-12-10 12:51:00,2019-12-20 12:32:00,2019-12-10 12:52:00,2019-12-10 12:55:00,0 days 00:04:00.000000000
260,409PQCK,Miss,2019-12-16 00:20:00,2020-01-07 20:31:00,,2019-12-16 12:57:00,0 days 12:37:00.000000000
261,409PMRH,Miss,2019-12-13 11:57:00,2019-12-30 13:33:00,,2019-12-14 09:41:00,0 days 21:44:00.000000000
262,409NHCQ,Miss,2019-12-09 08:24:00,2020-01-06 10:25:00,,2019-12-09 09:53:00,0 days 01:29:00.000000000
263,409PDFH,Miss,2019-12-12 11:54:00,2020-01-07 14:57:00,,2019-12-12 18:02:00,0 days 06:08:00.000000000
264,409P5VQ,Miss,2019-12-11 12:23:00,2019-12-20 20:19:00,,2019-12-13 19:19:00,2 days 06:56:00.000000000
265,409P5Y6,Miss,2019-12-11 12:33:00,2019-12-27 12:39:00,,2019-12-11 12:36:00,0 days 00:03:00.000000000
266,409R3MR,Make,2019-12-23 14:55:00,2019-12-27 14:39:00,2019-12-23 14:56:00,2019-12-23 15:01:00,0 days 00:06:00.000000000
267,409QCPJ,Miss,2019-12-18 08:33:00,2020-01-08 10:30:00,2019-12-18 12:25:00,2019-12-18 12:46:00,0 days 04:13:00.000000000
268,409PGHJ,Miss,2019-12-12 15:13:00,2019-12-20 19:32:00,,2019-12-13 20:12:00,1 days 04:59:00.000000000
269,409Q8F7,Miss,2019-12-17 15:58:00,2020-01-09 09:46:00,,2019-12-17 16:21:00,0 days 00:23:00.000000000
270,409M98V,Miss,2019-12-02 12:11:00,2019-12-17 14:42:00,,2019-12-03 00:06:00,0 days 11:55:00.000000000
271,409Q8KS,Miss,2019-12-17 16:21:00,2020-01-10 10:48:00,,2019-12-17 18:33:00,0 days 02:12:00.000000000
272,409RGGW,Miss,2019-12-29 09:21:00,2020-01-06 12:03:00,2019-12-29 09:21:00,2019-12-29 09:23:00,0 days 00:02:00.000000000
273,409SCFR,Make,2020-01-06 10:43:00,2020-01-08 09:54:00,2020-01-08 07:31:00,2020-01-06 12:57:00,0 days 02:14:00.000000000
274,409LZNS,Miss,2019-11-29 11:57:00,2019-12-18 15:45:00,,2019-11-29 13:01:00,0 days 01:04:00.000000000
275,409MR6R,Miss,2019-12-04 11:05:00,2019-12-19 11:44:00,,2019-12-05 06:03:00,0 days 18:58:00.000000000
276,409QGK2,Make,2019-12-18 11:23:00,2019-12-20 08:22:00,2019-12-18 11:23:00,2019-12-18 11:29:00,0 days 00:06:00.000000000
277,BNBFN8V,Miss,2020-01-03 13:37:00,2020-01-09 21:07:00,,2020-01-03 13:52:00,0 days 00:15:00.000000000
278,409PFGK,Miss,2019-12-12 12:30:00,2019-12-19 12:49:00,2019-12-16 12:41:00,2019-12-14 09:45:00,1 days 21:15:00.000000000
279,409SYL9,Make,2020-01-08 16:03:00,2020-01-10 16:15:00,2020-01-08 16:17:00,2020-01-08 16:06:00,0 days 00:03:00.000000000
280,409QP8P,Miss,2019-12-19 16:01:00,2020-01-10 16:14:00,2019-12-19 16:01:00,2019-12-19 16:10:00,0 days 00:09:00.000000000
281,409NMZP,Miss,2019-12-09 13:24:00,2019-12-23 11:44:00,,2019-12-10 02:48:00,0 days 13:24:00.000000000
282,409PGP5,Miss,2019-12-12 17:29:00,2020-01-02 10:29:00,,2019-12-13 09:49:00,0 days 16:20:00.000000000
283,409MZYM,Miss,2019-12-05 09:19:00,2019-12-18 12:36:00,2019-12-05 09:20:00,2019-12-05 09:26:00,0 days 00:07:00.000000000
284,409PNFV,Make,2019-12-13 15:55:00,2019-12-17 16:33:00,2019-12-17 08:53:00,2019-12-16 07:06:00,2 days 15:11:00.000000000
285,409MBGH,Miss,2019-12-02 14:46:00,2019-12-17 11:43:00,,2019-12-02 17:11:00,0 days 02:25:00.000000000
286,409NLL9,Miss,2019-12-09 12:51:00,2020-01-03 16:25:00,2019-12-09 12:51:00,2019-12-09 12:54:00,0 days 00:03:00.000000000
287,BNBKKPT,Miss,2019-12-11 15:16:00,2019-12-19 14:07:00,,2019-12-11 19:39:00,0 days 04:23:00.000000000
288,409QMKG,Make,2019-12-19 10:26:00,2019-12-23 13:10:00,2019-12-19 10:30:00,2019-12-19 10:32:00,0 days 00:06:00.000000000
289,409P7P6,Miss,2019-12-11 15:41:00,2019-12-20 18:19:00,,2019-12-14 12:27:00,2 days 20:46:00.000000000
290,409R5TR,Miss,2019-12-24 07:57:00,2019-12-30 19:12:00,,2019-12-26 15:14:00,2 days 07:17:00.000000000
291,409RFHR,Miss,2019-12-27 17:29:00,2020-01-03 21:05:00,,2019-12-27 21:24:00,0 days 03:55:00.000000000
292,409P6WQ,Miss,2019-12-11 15:47:00,2020-01-03 13:39:00,2019-12-12 17:00:00,2019-12-12 17:10:00,1 days 01:23:00.000000000
293,409QFKM,Make,2019-12-18 10:45:00,2019-12-23 15:30:00,2019-12-19 07:47:00,2019-12-18 18:16:00,0 days 07:31:00.000000000
294,409RVF9,Miss,2020-01-02 11:13:00,2020-01-09 18:18:00,2020-01-02 11:47:00,2020-01-02 11:51:00,0 days 00:38:00.000000000
295,409NNGL,Miss,2019-12-09 16:58:00,2019-12-20 14:46:00,2019-12-11 08:13:00,2019-12-10 10:07:00,0 days 17:09:00.000000000
296,409ND5F,Miss,2019-12-07 13:42:00,2019-12-26 12:27:00,,2019-12-08 08:05:00,0 days 18:23:00.000000000
297,409PWMJ,Make,2019-12-16 13:31:00,2019-12-19 16:02:00,2019-12-18 10:24:00,2019-12-17 15:13:00,1 days 01:42:00.000000000
298,409RZD3,Miss,2020-01-03 08:00:00,2020-01-11 21:14:00,2020-01-03 10:46:00,2020-01-03 10:49:00,0 days 02:49:00.000000000
299,409NLGS,Miss,2019-12-09 13:34:00,2020-01-06 14:40:00,,2019-12-10 10:00:00,0 days 20:26:00.000000000
300,409RDF7,Make,2019-12-27 12:28:00,2019-12-30 15:06:00,2019-12-27 12:29:00,2019-12-27 12:37:00,0 days 00:09:00.000000000
301,409SBQ3,Make,2020-01-06 09:21:00,2020-01-08 15:41:00,2020-01-06 09:22:00,2020-01-06 09:30:00,0 days 00:09:00.000000000
302,409RNNW,Make,2019-12-31 11:33:00,2020-01-03 10:38:00,2019-12-31 11:34:00,2019-12-31 16:04:00,0 days 04:31:00.000000000
303,409P4WM,Miss,2019-12-11 11:26:00,2019-12-26 15:28:00,2019-12-11 11:27:00,2019-12-11 11:33:00,0 days 00:07:00.000000000
304,409Q92L,Miss,2019-12-17 16:50:00,2020-01-03 10:20:00,,2019-12-18 10:02:00,0 days 17:12:00.000000000
305,409S9S5,Make,2020-01-06 10:53:00,2020-01-10 10:33:00,2020-01-07 14:25:00,2020-01-06 11:01:00,0 days 00:08:00.000000000
306,409T6Z3,Make,2020-01-09 10:08:00,2020-01-13 13:07:00,2020-01-09 10:09:00,2020-01-09 10:13:00,0 days 00:05:00.000000000
307,409NMJL,Miss,2019-12-09 15:28:00,2020-01-13 12:55:00,,2019-12-11 08:40:00,1 days 17:12:00.000000000
308,409RS75,Make,2020-01-02 09:27:00,2020-01-03 11:28:00,2020-01-02 09:27:00,2020-01-02 09:31:00,0 days 00:04:00.000000000
309,409QRSY,Miss,2019-12-20 08:54:00,2019-12-31 12:55:00,2019-12-23 09:20:00,2019-12-22 10:35:00,2 days 01:41:00.000000000
310,409N4LD,Miss,2019-12-05 13:47:00,2020-01-13 14:14:00,2019-12-05 13:48:00,2019-12-05 13:54:00,0 days 00:07:00.000000000
311,409N2ZW,Miss,2019-12-05 12:04:00,2020-01-06 13:29:00,,2019-12-06 01:11:00,0 days 13:07:00.000000000
312,409Q8YK,Make,2019-12-17 17:31:00,2019-12-20 15:55:00,2019-12-18 10:19:00,2019-12-17 17:57:00,0 days 00:26:00.000000000
313,409S8W8,Make,2020-01-06 09:35:00,2020-01-07 12:09:00,2020-01-06 09:36:00,2020-01-06 09:43:00,0 days 00:08:00.000000000
314,409QT4V,Miss,2019-12-20 11:05:00,2019-12-26 20:34:00,2019-12-20 11:06:00,2019-12-20 11:10:00,0 days 00:05:00.000000000
315,CLKCPPH,Make,2020-01-03 09:39:00,2020-01-06 14:45:00,2020-01-06 07:50:00,2020-01-03 09:51:00,0 days 00:12:00.000000000
316,409NMT2,Miss,2019-12-09 16:02:00,2020-01-13 09:09:00,,2019-12-10 17:14:00,1 days 01:12:00.000000000
317,409P727,Miss,2019-12-11 15:00:00,2020-01-08 14:27:00,,2019-12-13 12:12:00,1 days 21:12:00.000000000
318,409QH7G,Make,2019-12-18 16:02:00,2019-12-19 11:49:00,2019-12-19 08:53:00,2019-12-18 16:14:00,0 days 00:12:00.000000000
319,409QPNG,Miss,2019-12-19 15:43:00,2020-01-09 14:12:00,2019-12-19 15:53:00,2019-12-19 15:59:00,0 days 00:16:00.000000000
320,409LV25,Miss,2019-11-28 14:00:00,2020-01-07 09:41:00,,2019-11-28 14:17:00,0 days 00:17:00.000000000
321,409RDYN,Make,2019-12-27 14:48:00,2019-12-30 20:40:00,2019-12-30 14:39:00,2019-12-27 14:52:00,0 days 00:04:00.000000000
322,409QFHN,Miss,2019-12-18 10:39:00,2020-01-03 15:06:00,2019-12-19 07:59:00,2019-12-18 10:49:00,0 days 00:10:00.000000000
323,409PDGN,Miss,2019-12-12 10:59:00,2020-01-06 12:33:00,,2019-12-13 15:57:00,1 days 04:58:00.000000000
324,409MJS6,Miss,2019-12-03 13:15:00,2019-12-31 14:55:00,2019-12-03 13:15:00,2019-12-03 13:19:00,0 days 00:04:00.000000000
325,409RCK8,Make,2019-12-27 09:27:00,2019-12-30 11:38:00,2019-12-30 08:53:00,2019-12-27 09:36:00,0 days 00:09:00.000000000
326,409PF92,Miss,2019-12-12 14:03:00,2019-12-23 13:38:00,,2019-12-12 15:27:00,0 days 01:24:00.000000000
327,409QVDV,Miss,2019-12-20 13:20:00,2020-01-07 10:27:00,,2019-12-20 13:34:00,0 days 00:14:00.000000000
328,409Q6PR,Miss,2019-12-17 12:17:00,2019-12-23 14:38:00,2019-12-19 09:30:00,2019-12-18 15:09:00,1 days 02:52:00.000000000
329,409S4P5,Make,2020-01-03 15:46:00,2020-01-07 11:05:00,2020-01-06 08:00:00,2020-01-03 17:19:00,0 days 01:33:00.000000000
330,409HRBD,Miss,2019-11-12 22:00:00,2019-12-27 19:22:00,,2019-11-13 04:38:00,0 days 06:38:00.000000000
331,409R944,Miss,2019-12-26 11:41:00,2020-01-08 09:11:00,,2019-12-26 17:26:00,0 days 05:45:00.000000000
332,409RKJ6,Make,2019-12-30 12:15:00,2020-01-03 20:38:00,2020-01-02 12:26:00,2019-12-30 12:21:00,0 days 00:06:00.000000000
333,409QN7F,Make,2019-12-19 11:08:00,2019-12-20 14:34:00,2019-12-20 08:33:00,2019-12-19 15:20:00,0 days 04:12:00.000000000
334,409MRGV,Miss,2019-12-04 08:34:00,2019-12-30 13:33:00,2019-12-04 15:29:00,2019-12-06 06:07:00,1 days 21:33:00.000000000
335,409RSVQ,Make,2020-01-02 09:46:00,2020-01-07 10:49:00,2020-01-02 10:34:00,2020-01-02 10:31:00,0 days 00:45:00.000000000
336,409QT23,Make,2019-12-20 08:47:00,2019-12-23 14:53:00,2019-12-20 10:47:00,2019-12-20 10:45:00,0 days 01:58:00.000000000
337,409QNFB,Miss,2019-12-19 14:39:00,2019-12-26 22:23:00,2019-12-19 14:44:00,2019-12-19 14:45:00,0 days 00:06:00.000000000
338,409R9F9,Miss,2019-12-26 13:54:00,2020-01-09 13:59:00,,2019-12-26 13:58:00,0 days 00:04:00.000000000
339,409PK8N,Make,2019-12-13 09:15:00,2019-12-18 22:38:00,2019-12-13 09:16:00,2019-12-13 09:23:00,0 days 00:08:00.000000000
340,409THWS,Make,2020-01-11 14:09:00,2020-01-11 14:19:00,,2020-01-11 14:19:00,0 days 00:10:00.000000000
341,409ST4N,Make,2020-01-08 09:56:00,2020-01-10 11:04:00,2020-01-08 13:28:00,2020-01-08 13:03:00,0 days 03:07:00.000000000
342,409PFDM,Miss,2019-12-12 13:22:00,2020-01-06 09:26:00,2019-12-12 13:22:00,2019-12-12 13:26:00,0 days 00:04:00.000000000
343,409MPM6,Miss,2019-12-04 07:37:00,2019-12-19 11:47:00,,2019-12-04 07:42:00,0 days 00:05:00.000000000
344,409M6TZ,Miss,2019-12-02 09:27:00,2020-01-10 16:22:00,2019-12-02 09:28:00,2019-12-02 09:38:00,0 days 00:11:00.000000000
345,409SSNY,Make,2020-01-08 09:30:00,2020-01-12 21:04:00,,2020-01-08 09:53:00,0 days 00:23:00.000000000
346,409KTHJ,Miss,2019-11-22 13:48:00,2019-12-30 11:33:00,,2019-11-24 12:51:00,1 days 23:03:00.000000000
347,409P5Z4,Miss,2019-12-11 12:36:00,2019-12-19 11:33:00,2019-12-16 11:19:00,2019-12-13 17:10:00,2 days 04:34:00.000000000
348,409PNFM,Miss,2019-12-13 13:54:00,2020-01-09 10:59:00,2019-12-13 13:58:00,2019-12-13 14:01:00,0 days 00:07:00.000000000
349,409NV78,Miss,2019-12-10 12:09:00,2019-12-30 12:31:00,,2019-12-10 12:17:00,0 days 00:08:00.000000000
350,409Q7J2,Make,2019-12-17 13:57:00,2019-12-21 21:24:00,,2019-12-17 14:09:00,0 days 00:12:00.000000000
351,CLKCZ8B,Make,2019-12-30 15:50:00,2020-01-03 10:48:00,2019-12-30 17:25:00,2019-12-30 16:03:00,0 days 00:13:00.000000000
352,CLKCFHS,Make,2020-01-07 16:20:00,2020-01-09 13:49:00,2020-01-08 08:45:00,2020-01-07 17:01:00,0 days 00:41:00.000000000
353,409SKLB,Make,2020-01-07 11:18:00,2020-01-10 16:32:00,2020-01-07 11:59:00,2020-01-07 11:34:00,0 days 00:16:00.000000000
354,409P3B8,Miss,2019-12-11 08:58:00,2020-01-07 14:18:00,,2019-12-11 14:43:00,0 days 05:45:00.000000000
355,409RNQW,Miss,2019-12-31 10:59:00,2020-01-10 13:30:00,2019-12-31 11:01:00,2019-12-31 11:05:00,0 days 00:06:00.000000000
356,BNBKGRZ,Miss,2019-12-12 09:16:00,2019-12-23 10:32:00,,2019-12-12 15:01:00,0 days 05:45:00.000000000
357,409T43F,Make,2020-01-09 08:14:00,2020-01-10 15:19:00,2020-01-09 08:17:00,2020-01-09 08:20:00,0 days 00:06:00.000000000
358,409Q5BQ,Miss,2019-12-17 10:03:00,2020-01-09 10:26:00,,2019-12-17 11:57:00,0 days 01:54:00.000000000
359,409R6ML,Miss,2019-12-24 13:10:00,2019-12-30 14:34:00,2019-12-30 06:54:00,2019-12-24 13:14:00,0 days 00:04:00.000000000
360,409QGG3,Miss,2019-12-18 14:04:00,2019-12-26 16:26:00,2019-12-18 14:04:00,2019-12-18 14:09:00,0 days 00:05:00.000000000
361,409MHLD,Miss,2019-12-03 11:17:00,2019-12-30 10:39:00,2019-12-03 11:17:00,2019-12-03 11:27:00,0 days 00:10:00.000000000
362,409LNTZ,Miss,2019-11-27 13:52:00,2019-12-23 12:39:00,2019-11-27 13:52:00,2019-11-27 13:57:00,0 days 00:05:00.000000000
363,409Q5WZ,Miss,2019-12-17 11:05:00,2020-01-03 13:38:00,2019-12-17 11:06:00,2019-12-17 11:11:00,0 days 00:06:00.000000000
364,409S434,Make,2020-01-03 11:53:00,2020-01-06 15:35:00,2020-01-06 13:14:00,2020-01-03 11:58:00,0 days 00:05:00.000000000
365,409R9D7,Make,2019-12-26 10:46:00,2019-12-27 15:43:00,2019-12-26 10:47:00,2019-12-26 10:59:00,0 days 00:13:00.000000000
366,409NTNP,Miss,2019-12-10 11:00:00,2019-12-30 14:25:00,,2019-12-11 04:31:00,0 days 17:31:00.000000000
367,409RCPF,Make,2019-12-27 10:03:00,2019-12-31 13:26:00,2019-12-27 10:05:00,2019-12-27 10:17:00,0 days 00:14:00.000000000
368,409Q66C,Miss,2019-12-17 11:22:00,2020-01-06 10:34:00,,2019-12-17 13:07:00,0 days 01:45:00.000000000
369,409QL54,Miss,2019-12-19 08:35:00,2020-01-10 13:34:00,2019-12-19 08:36:00,2019-12-19 08:41:00,0 days 00:06:00.000000000
370,409MKM4,Miss,2019-12-03 13:57:00,2020-01-06 12:38:00,,2019-12-03 15:45:00,0 days 01:48:00.000000000
371,409LH4Y,Miss,2019-11-26 19:07:00,2019-12-19 11:51:00,2019-11-26 19:23:00,2019-11-26 19:38:00,0 days 00:31:00.000000000
372,BNBDWGW,Make,2020-01-07 11:07:00,2020-01-07 13:35:00,,2020-01-07 13:35:00,0 days 02:28:00.000000000
373,409S8TM,Make,2020-01-06 09:26:00,2020-01-09 08:32:00,2020-01-06 11:49:00,2020-01-06 11:50:00,0 days 02:24:00.000000000
374,409NB6H,Miss,2019-12-06 10:48:00,2019-12-23 09:36:00,2019-12-06 10:49:00,2019-12-06 10:51:00,0 days 00:03:00.000000000
375,409RF49,Miss,2019-12-27 15:19:00,2020-01-02 21:20:00,,2019-12-27 16:09:00,0 days 00:50:00.000000000
376,409Q5D3,Miss,2019-12-17 10:08:00,2019-12-23 21:30:00,2019-12-17 10:09:00,2019-12-17 10:27:00,0 days 00:19:00.000000000
377,409RFCW,Miss,2019-12-27 16:34:00,2020-01-08 13:33:00,2019-12-27 16:35:00,2019-12-27 16:38:00,0 days 00:04:00.000000000
