OCPM #,Make/Miss,SR Create TS,SR Close TS,CX - RC,CQ TS
409G9TD,Miss,11/5/2019 9:31,12/21/2019 1:20,45.65902778,11/5/2019 17:08
409H6SW,Miss,11/8/2019 14:07,12/19/2019 11:51,40.90555556,11/9/2019 4:52
409GFVK,Miss,11/5/2019 16:02,12/21/2019 12:30,45.85277778,11/6/2019 15:44
408PB2H,Miss,7/9/2019 13:21,12/23/2019 12:39,166.9708333,7/9/2019 22:26
409GT4H,Miss,11/7/2019 8:15,12/23/2019 13:45,46.22916667,11/8/2019 9:26
40959FB,Miss,9/17/2019 16:40,12/19/2019 12:52,92.84166667,9/18/2019 10:08
409DV4R,Miss,10/28/2019 15:44,12/23/2019 11:35,55.82708333,10/29/2019 19:24
409HMKQ,Miss,11/12/2019 9:38,12/23/2019 11:34,41.08055556,11/12/2019 16:52
409GBVR,Miss,11/5/2019 11:10,12/23/2019 12:43,48.06458333,11/5/2019 11:49
409FTD5,Miss,11/1/2019 15:07,12/23/2019 14:30,51.97430556,11/1/2019 15:30
409GTLH,Miss,11/7/2019 10:02,12/23/2019 15:31,46.22847222,11/7/2019 10:08
409GLPQ,Miss,11/6/2019 11:07,12/23/2019 10:38,46.97986111,11/6/2019 19:19
409H87N,Miss,11/9/2019 13:27,12/19/2019 14:45,40.05416667,11/12/2019 6:47
409F2V9,Miss,10/29/2019 11:26,12/20/2019 17:24,52.24861111,10/29/2019 11:36
40985V8,Miss,10/2/2019 13:58,12/26/2019 12:28,84.9375,10/2/2019 14:04
409HZM6,Miss,11/13/2019 13:16,12/26/2019 13:28,43.00833333,11/13/2019 13:19
409J2R4,Miss,11/13/2019 16:05,12/26/2019 12:27,42.84861111,11/13/2019 16:09
409J7M2,Miss,11/14/2019 11:51,12/26/2019 15:51,42.16666667,11/18/2019 23:38
409JFQD,Miss,11/15/2019 8:50,12/26/2019 17:22,41.35555556,11/16/2019 4:10
409JFPD,Miss,11/15/2019 8:47,12/26/2019 17:22,41.35763889,11/15/2019 13:05
409JFN7,Miss,11/15/2019 8:43,12/26/2019 17:22,41.36041667,11/15/2019 12:54
409G5ZC,Miss,11/4/2019 17:11,12/26/2019 11:28,51.76180556,11/5/2019 16:47
409GLCZ,Miss,11/6/2019 10:36,12/26/2019 12:30,50.07916667,11/6/2019 19:30
409CSFM,Miss,10/22/2019 15:01,12/27/2019 14:23,65.97361111,10/22/2019 15:07
409FSVZ,Miss,11/1/2019 15:38,12/27/2019 15:27,55.99236111,11/1/2019 15:54
409GY8V,Miss,11/7/2019 12:44,12/27/2019 11:28,49.94722222,11/7/2019 13:02
409HWDC,Miss,11/13/2019 10:51,12/27/2019 10:43,43.99444444,11/13/2019 10:56
409GNMB,Miss,11/6/2019 14:56,12/27/2019 11:40,50.86388889,11/6/2019 21:31
409HHKF,Miss,11/11/2019 16:53,12/27/2019 14:10,45.88680556,11/12/2019 4:55
409K5FW,Miss,11/19/2019 18:50,12/30/2019 15:25,40.85763889,11/19/2019 20:46
409KBVF,Miss,11/20/2019 12:50,12/30/2019 14:02,40.05,11/21/2019 17:49
409JKCT,Miss,11/17/2019 13:59,12/30/2019 14:55,43.03888889,11/18/2019 19:58
409K9K2,Miss,11/20/2019 10:33,12/30/2019 11:26,40.03680556,11/21/2019 13:49
409JGLL,Miss,11/15/2019 12:54,12/30/2019 11:32,44.94305556,11/18/2019 19:54
409KB5T,Miss,11/20/2019 11:24,12/30/2019 11:27,40.00208333,11/21/2019 16:30
409KCM2,Miss,11/20/2019 14:24,12/30/2019 11:16,39.86944444,11/21/2019 23:26
CLKJ8CW,Miss,11/19/2019 8:46,12/30/2019 12:11,41.14236111,11/19/2019 9:27
409JH5G,Miss,11/15/2019 14:21,12/30/2019 11:26,44.87847222,11/19/2019 13:23
409KCMJ,Miss,11/20/2019 14:25,12/30/2019 11:30,39.87847222,11/21/2019 23:37
409G4H4,Miss,11/4/2019 12:41,1/2/2020 13:33,59.03611111,11/4/2019 12:49
409JFLV,Miss,11/15/2019 10:43,1/2/2020 14:33,48.15972222,11/15/2019 10:58
409FR7K,Miss,11/1/2019 11:24,1/2/2020 14:28,62.12777778,11/1/2019 11:32
408TGKJ,Miss,8/2/2019 10:48,1/2/2020 10:32,152.9888889,8/2/2019 11:02
409FRTV,Miss,11/1/2019 13:01,1/2/2020 13:34,62.02291667,11/1/2019 13:04
409GVPK,Miss,11/7/2019 10:45,1/2/2020 15:28,56.19652778,11/7/2019 10:47
409H5ND,Miss,11/8/2019 11:11,1/2/2020 12:38,55.06041667,11/8/2019 11:21
409HC2S,Miss,11/11/2019 8:12,1/2/2020 14:31,52.26319444,11/11/2019 8:19
409HHGZ,Miss,11/11/2019 18:09,1/2/2020 9:35,51.64305556,11/12/2019 19:36
409HZTT,Miss,11/13/2019 14:44,1/2/2020 6:20,49.65,11/15/2019 8:42
409JJBN,Miss,11/15/2019 18:22,1/2/2020 11:31,47.71458333,11/18/2019 22:26
409JR5D,Miss,11/18/2019 12:34,1/2/2020 13:34,45.04166667,11/19/2019 7:11
409JYSH,Miss,11/19/2019 9:03,1/2/2020 12:39,44.15,11/19/2019 9:09
BNBQDWQ,Miss,11/19/2019 9:11,1/2/2020 11:37,44.10138889,11/20/2019 15:54
409KNMJ,Miss,11/21/2019 23:36,1/2/2020 16:28,41.70277778,11/21/2019 23:43
409KVFG,Miss,11/22/2019 16:28,1/2/2020 10:33,40.75347222,11/23/2019 5:55
409KCVJ,Miss,11/20/2019 14:53,1/2/2020 15:31,43.02638889,11/20/2019 15:02
BNBPFY8,Miss,11/22/2019 15:28,1/2/2020 10:34,40.79583333,11/22/2019 19:56
409KVQC,Miss,11/22/2019 15:06,1/2/2020 11:27,40.84791667,11/23/2019 3:58
409HZ8M,Miss,11/13/2019 14:28,1/2/2020 14:32,50.00277778,11/14/2019 4:09
409H6N3,Miss,11/8/2019 14:45,1/2/2020 12:37,54.91111111,11/11/2019 12:24
409K2CN,Miss,11/19/2019 10:15,1/2/2020 10:32,44.01180556,11/20/2019 2:57
409KBPW,Miss,11/20/2019 12:27,1/2/2020 10:36,42.92291667,11/21/2019 14:24
409KDQY,Miss,11/20/2019 16:00,1/2/2020 16:28,43.01944444,11/21/2019 6:27
409KW6P,Miss,11/23/2019 10:37,1/2/2020 11:37,40.04166667,11/24/2019 9:30
409J9LP,Miss,11/14/2019 15:10,1/2/2020 10:30,48.80555556,11/16/2019 3:53
409JRTB,Miss,11/18/2019 14:06,1/2/2020 11:27,44.88958333,11/19/2019 11:16
409K4FL,Miss,11/19/2019 15:20,1/2/2020 10:39,43.80486111,11/20/2019 17:37
409FFL2,Miss,10/30/2019 15:53,1/2/2020 15:28,63.98263889,10/31/2019 15:09
409JJZQ,Miss,11/17/2019 0:04,1/2/2020 20:33,46.85347222,11/17/2019 7:31
409K42P,Miss,11/19/2019 11:24,1/2/2020 13:26,44.08472222,11/20/2019 3:16
409JBDF,Miss,11/14/2019 17:59,1/3/2020 16:56,49.95625,11/14/2019 18:11
409JJDV,Miss,11/15/2019 21:16,1/3/2020 15:00,48.73888889,11/15/2019 22:16
409KBHD,Miss,11/20/2019 12:05,1/3/2020 11:16,43.96597222,11/20/2019 12:26
409FK3G,Miss,10/31/2019 9:21,12/17/2019 12:15,47.12083333,10/31/2019 16:11
409GCYR,Miss,11/5/2019 11:53,12/17/2019 11:43,41.99305556,11/7/2019 7:59
409KSS5,Miss,11/22/2019 9:21,1/3/2020 11:34,42.09236111,11/22/2019 9:32
409C3J8,Miss,10/18/2019 6:04,12/20/2019 10:50,63.19861111,10/18/2019 18:37
409KQLF,Make,11/22/2019 8:11,1/3/2020 13:35,42.225,11/22/2019 8:14
409J22C,Miss,11/13/2019 15:59,1/6/2020 9:25,53.72638889,11/13/2019 16:54
409KF6F,Make,11/20/2019 16:30,1/6/2020 8:53,46.68263889,11/20/2019 20:32
CLKHKHK,Miss,11/25/2019 11:51,1/6/2020 11:13,41.97361111,11/25/2019 12:24
409GFQH,Miss,11/5/2019 16:34,1/6/2020 13:26,61.86944444,11/6/2019 15:35
409KJRJ,Miss,11/21/2019 10:04,1/6/2020 12:13,46.08958333,11/22/2019 15:06
409D9CV,Miss,10/24/2019 12:03,12/18/2019 14:51,55.11666667,10/24/2019 19:23
BNBPYBL,Miss,11/20/2019 11:55,1/6/2020 14:30,47.10763889,11/21/2019 9:21
409KQW2,Miss,11/22/2019 8:49,1/6/2020 10:25,45.06666667,11/25/2019 15:12
409K4HC,Miss,11/19/2019 14:30,1/6/2020 10:25,47.82986111,11/19/2019 19:03
409K9Y4,Miss,11/20/2019 11:06,1/6/2020 13:31,47.10069444,11/21/2019 5:15
409KDKR,Miss,11/20/2019 14:26,1/6/2020 10:28,46.83472222,11/21/2019 15:55
409L3YQ,Miss,11/25/2019 10:21,1/6/2020 10:29,42.00555556,11/25/2019 14:38
409GQ8T,Miss,11/6/2019 21:54,12/20/2019 16:31,43.77569444,11/8/2019 7:50
409H7BJ,Miss,11/8/2019 15:30,12/20/2019 12:39,41.88125,11/9/2019 6:13
409KCYL,Miss,11/20/2019 14:00,1/6/2020 10:29,46.85347222,11/21/2019 5:31
409GG45,Miss,11/5/2019 16:50,1/6/2020 10:27,61.73402778,11/5/2019 23:23
409CMZZ,Miss,10/22/2019 6:02,12/18/2019 10:57,57.20486111,10/22/2019 14:17
409KM9T,Miss,11/21/2019 12:57,1/6/2020 10:28,45.89652778,11/22/2019 17:15
409L62Q,Miss,11/25/2019 14:06,1/6/2020 11:36,41.89583333,11/25/2019 17:37
409DVGQ,Miss,10/28/2019 17:01,12/20/2019 11:49,52.78333333,10/28/2019 17:41
409GPYN,Miss,11/6/2019 16:19,12/20/2019 14:38,43.92986111,11/7/2019 15:50
409HDV3,Miss,11/11/2019 10:21,12/20/2019 14:29,39.17222222,11/11/2019 13:23
409L4ZG,Miss,11/25/2019 8:52,1/7/2020 9:18,43.01805556,11/25/2019 8:55
409L3VN,Miss,11/25/2019 9:14,1/7/2020 11:41,43.10208333,11/26/2019 7:20
409LG8Y,Miss,11/26/2019 14:41,1/7/2020 11:35,41.87083333,12/1/2019 10:49
409KQPT,Miss,11/22/2019 8:28,1/7/2020 14:19,46.24375,11/22/2019 21:21
409LBCZ,Miss,11/26/2019 8:25,1/7/2020 11:37,42.13333333,11/26/2019 10:29
409LGN3,Miss,11/26/2019 14:54,1/7/2020 10:53,41.83263889,11/26/2019 16:51
409H6C4,Miss,11/8/2019 13:50,12/20/2019 11:49,41.91597222,11/11/2019 9:15
409LFY8,Miss,11/26/2019 13:50,1/7/2020 12:27,41.94236111,11/26/2019 14:48
409H5NK,Miss,11/8/2019 11:08,1/7/2020 14:42,60.14861111,11/9/2019 1:03
409JSBN,Miss,11/18/2019 12:04,1/8/2020 19:26,51.30694444,11/18/2019 12:19
409CN6W,Miss,10/22/2019 6:17,12/18/2019 16:37,57.43055556,10/22/2019 14:17
409FFKZ,Miss,10/30/2019 13:52,12/18/2019 12:47,48.95486111,10/31/2019 2:20
409GV6N,Miss,11/7/2019 7:50,12/18/2019 13:44,41.24583333,11/7/2019 17:08
409KB4D,Miss,11/20/2019 11:20,1/8/2020 11:12,48.99444444,11/21/2019 5:27
409LDVK,Miss,11/26/2019 10:40,1/9/2020 12:26,44.07361111,11/26/2019 10:51
409M2ZY,Miss,11/30/2019 9:03,1/9/2020 15:25,40.26527778,11/30/2019 9:18
409DHHZ,Miss,10/25/2019 8:04,12/19/2019 14:00,55.24722222,10/25/2019 8:08
409HWS5,Miss,11/13/2019 8:29,1/9/2020 8:44,57.01041667,11/13/2019 8:40
409K3M2,Miss,11/19/2019 13:35,1/9/2020 13:31,50.99722222,11/20/2019 16:38
409L9YK,Miss,11/26/2019 7:27,1/9/2020 10:20,44.12013889,11/26/2019 8:59
409KKZK,Miss,11/21/2019 11:06,1/9/2020 10:30,48.975,11/22/2019 12:40
409KRCY,Miss,11/22/2019 9:35,1/9/2020 14:15,48.19444444,11/22/2019 21:32
409KSWG,Miss,11/22/2019 12:34,1/10/2020 13:11,49.02569444,11/22/2019 21:32
409H4SL,Miss,11/8/2019 10:30,12/18/2019 11:00,40.02083333,11/8/2019 10:34
409L6BJ,Miss,11/25/2019 14:38,1/10/2020 14:51,46.00902778,11/25/2019 21:14
409K8Z2,Miss,11/20/2019 8:41,1/10/2020 15:58,51.30347222,11/21/2019 4:29
409LLNF,Miss,11/27/2019 9:07,1/10/2020 15:16,44.25625,11/27/2019 18:55
409CG58,Miss,10/21/2019 12:00,12/19/2019 11:42,58.9875,10/21/2019 12:04
409FRCG,Miss,11/1/2019 11:00,12/19/2019 17:31,48.27152778,11/1/2019 11:22
409G4L4,Miss,11/4/2019 12:53,12/19/2019 16:40,45.15763889,11/4/2019 13:00
409GZ7J,Miss,11/7/2019 15:08,12/19/2019 12:59,41.91041667,11/7/2019 15:15
409H7FT,Miss,11/8/2019 15:57,12/19/2019 15:00,40.96041667,11/8/2019 16:06
409HWJ3,Miss,11/13/2019 11:12,1/13/2020 9:40,60.93611111,11/13/2019 11:17
409J2HF,Miss,11/13/2019 16:32,1/13/2020 13:27,60.87152778,11/13/2019 16:44
409LDKS,Miss,11/26/2019 12:03,1/13/2020 12:44,48.02847222,11/26/2019 12:06
409LTKF,Miss,11/28/2019 10:41,1/13/2020 17:53,46.3,11/28/2019 10:52
409MBMM,Miss,12/2/2019 16:22,1/13/2020 14:27,41.92013889,12/2/2019 16:29
409MHCK,Miss,12/3/2019 10:43,1/13/2020 15:14,41.18819444,12/3/2019 10:50
409ML7D,Miss,12/3/2019 16:22,1/13/2020 15:14,40.95277778,12/3/2019 16:31
409GGFC,Miss,11/5/2019 18:20,1/13/2020 15:42,68.89027778,11/5/2019 18:28
4097KFV,Miss,9/30/2019 11:24,1/13/2020 16:24,105.2083333,9/30/2019 11:35
409KTD6,Miss,11/22/2019 13:34,1/13/2020 12:43,51.96458333,11/22/2019 22:52
409MTGR,Miss,12/4/2019 12:29,1/13/2020 15:01,40.10555556,12/4/2019 18:07
409ML6R,Miss,12/3/2019 16:18,1/13/2020 10:18,40.75,12/4/2019 16:41
409LP2Q,Miss,11/27/2019 14:16,1/13/2020 10:56,46.86111111,11/28/2019 10:04
409MQ8B,Miss,12/4/2019 9:37,1/13/2020 13:42,40.17013889,12/4/2019 17:59
409DH6M,Miss,10/25/2019 10:23,12/17/2019 15:49,53.22638889,10/25/2019 10:30
409F3NJ,Miss,10/29/2019 12:45,12/17/2019 13:48,49.04375,10/29/2019 12:51
409FDNH,Miss,10/30/2019 15:22,12/17/2019 11:39,47.84513889,10/30/2019 15:23
409G57S,Miss,11/4/2019 15:17,12/17/2019 11:42,42.85069444,11/4/2019 15:21
409G9FZ,Miss,11/5/2019 8:49,12/17/2019 18:22,42.39791667,11/5/2019 8:53
409GL77,Miss,11/6/2019 10:23,12/17/2019 11:43,41.05555556,11/6/2019 10:28
409G6KY,Miss,11/4/2019 20:32,12/17/2019 21:46,43.05138889,11/5/2019 18:13
409GN28,Miss,11/6/2019 13:37,12/17/2019 12:44,40.96319444,11/6/2019 13:52
409GVWL,Miss,11/7/2019 11:18,12/17/2019 12:48,40.0625,11/7/2019 11:59
409GWF5,Miss,11/7/2019 13:19,12/17/2019 13:46,40.01875,11/7/2019 13:31
409GZ4F,Miss,11/7/2019 17:35,12/17/2019 16:36,39.95902778,11/7/2019 17:48
409FMKN,Miss,10/31/2019 15:01,12/19/2019 15:55,49.0375,10/31/2019 17:51
409H878,Miss,11/9/2019 12:46,12/19/2019 10:42,39.91388889,11/11/2019 11:39
409H6BF,Miss,11/8/2019 10:47,12/19/2019 10:41,40.99583333,11/11/2019 9:18
409HY2R,Miss,11/13/2019 9:51,12/24/2019 14:22,41.18819444,11/13/2019 10:24
409GVN2,Miss,11/7/2019 11:38,12/27/2019 10:42,49.96111111,11/7/2019 23:11
409HRBD,Miss,11/12/2019 22:00,12/27/2019 19:22,44.89027778,11/13/2019 4:38
409KD3N,Miss,11/20/2019 13:20,12/30/2019 10:25,39.87847222,11/20/2019 13:24
409GFCV,Miss,11/5/2019 15:46,12/30/2019 12:36,54.86805556,11/5/2019 15:58
409F59N,Miss,10/29/2019 13:13,12/30/2019 8:23,61.79861111,10/29/2019 13:47
409HFHZ,Miss,11/11/2019 12:41,12/30/2019 11:27,48.94861111,11/12/2019 12:34
409KCHY,Miss,11/20/2019 14:11,12/30/2019 11:27,39.88611111,11/21/2019 23:14
409GWSL,Miss,11/7/2019 14:13,12/22/2019 15:18,45.04513889,11/8/2019 0:50
409D9SZ,Miss,10/24/2019 13:00,12/23/2019 15:01,60.08402778,10/24/2019 13:06
409JRV9,Miss,11/18/2019 14:10,12/30/2019 13:30,41.97222222,11/19/2019 15:30
409KBHR,Miss,11/20/2019 12:01,12/30/2019 10:35,39.94027778,11/21/2019 14:10
409KD56,Miss,11/20/2019 14:25,12/30/2019 9:35,39.79861111,11/21/2019 8:49
409G69L,Miss,11/4/2019 18:25,12/30/2019 11:38,55.71736111,11/5/2019 21:58
409GYVB,Miss,11/7/2019 16:40,12/30/2019 9:32,52.70277778,11/8/2019 0:00
409JRM8,Miss,11/18/2019 13:39,12/30/2019 10:32,41.87013889,11/19/2019 10:26
409KCFZ,Miss,11/20/2019 14:01,12/30/2019 11:45,39.90555556,11/21/2019 14:24
409K435,Miss,11/19/2019 14:27,12/30/2019 11:39,40.88333333,11/20/2019 12:32
409KDVS,Miss,11/20/2019 14:38,12/30/2019 8:22,39.73888889,11/21/2019 14:06
409GM8Q,Miss,11/6/2019 11:59,12/30/2019 12:31,54.02222222,11/6/2019 20:03
409K3CH,Miss,11/19/2019 11:01,12/30/2019 11:37,41.025,11/20/2019 17:48
409GG4H,Miss,11/5/2019 17:59,12/31/2019 12:24,55.76736111,11/11/2019 15:58
409KJCB,Miss,11/21/2019 9:26,12/31/2019 12:00,40.10694444,11/22/2019 17:58
409KLKQ,Miss,11/21/2019 13:26,12/31/2019 12:15,39.95069444,11/22/2019 21:46
409KL36,Miss,11/21/2019 12:16,12/31/2019 12:00,39.98888889,11/22/2019 18:35
409K44Z,Miss,11/19/2019 14:36,12/31/2019 12:16,41.90277778,11/20/2019 19:39
409KKZD,Miss,11/21/2019 12:06,12/31/2019 12:10,40.00277778,11/22/2019 18:20
409FV55,Miss,11/2/2019 12:14,12/31/2019 12:21,59.00486111,11/2/2019 14:56
4099M87,Miss,10/10/2019 9:05,12/31/2019 15:09,82.25277778,10/10/2019 9:10
4099W9P,Miss,10/11/2019 12:31,12/31/2019 13:48,81.05347222,10/11/2019 12:39
409GPCV,Miss,11/6/2019 16:39,12/31/2019 11:44,54.79513889,11/6/2019 16:46
409GVBK,Miss,11/7/2019 11:04,12/17/2019 15:05,40.16736111,11/7/2019 11:12
409CP5C,Miss,10/22/2019 9:51,12/23/2019 11:39,62.075,10/22/2019 9:59
409F65J,Miss,10/29/2019 20:08,12/23/2019 11:42,54.64861111,10/29/2019 20:20
409F99M,Miss,10/30/2019 8:34,12/23/2019 17:27,54.37013889,10/30/2019 8:38
409FJBB,Miss,10/31/2019 9:10,12/23/2019 11:45,53.10763889,10/31/2019 9:13
409GDFW,Miss,11/5/2019 13:53,12/23/2019 12:33,47.94444444,11/5/2019 14:11
409GDL6,Miss,11/5/2019 14:14,12/23/2019 9:33,47.80486111,11/5/2019 14:19
409GP4V,Miss,11/6/2019 16:00,12/23/2019 10:30,46.77083333,11/6/2019 18:32
409HCMN,Miss,11/11/2019 9:24,12/23/2019 15:28,42.25277778,11/11/2019 9:31
409HNSY,Miss,11/12/2019 11:46,12/23/2019 13:43,41.08125,11/12/2019 11:56
409HQWC,Miss,11/12/2019 14:53,12/23/2019 12:33,40.90277778,11/12/2019 15:02
409JR37,Miss,11/18/2019 12:32,1/2/2020 20:10,45.31805556,11/18/2019 12:43
409FD27,Miss,10/30/2019 13:59,1/3/2020 12:41,64.94583333,10/30/2019 20:59
409JSCW,Miss,11/18/2019 15:08,1/3/2020 16:33,46.05902778,11/19/2019 17:37
409KV6C,Miss,11/22/2019 13:35,1/3/2020 12:30,41.95486111,11/25/2019 4:44
409GNSF,Miss,11/6/2019 15:22,1/6/2020 15:26,61.00277778,11/6/2019 15:26
409LTK6,Miss,11/28/2019 11:39,1/6/2020 17:26,39.24097222,11/28/2019 12:02
409JS84,Miss,11/18/2019 14:52,1/6/2020 16:30,49.06805556,11/18/2019 15:00
409LGF6,Miss,11/26/2019 16:12,1/6/2020 16:57,41.03125,12/19/2019 0:00
409GPRF,Miss,11/6/2019 15:10,12/23/2019 15:48,47.02638889,11/6/2019 15:19
409GPTZ,Miss,11/6/2019 16:38,12/23/2019 19:01,47.09930556,11/6/2019 16:45
409CDTT,Miss,10/21/2019 7:19,12/19/2019 16:06,59.36597222,10/21/2019 7:52
409JHQ3,Miss,11/15/2019 15:08,1/6/2020 10:26,51.80416667,11/17/2019 5:37
409KRWV,Miss,11/22/2019 10:31,1/6/2020 9:32,44.95902778,11/23/2019 11:31
409LFL7,Miss,11/26/2019 13:08,1/6/2020 14:38,41.0625,11/27/2019 6:11
409DPLS,Miss,10/28/2019 8:36,1/6/2020 14:42,70.25416667,10/28/2019 21:59
409LFHY,Miss,11/26/2019 13:01,1/6/2020 9:25,40.85,11/26/2019 17:15
409LFTN,Miss,11/26/2019 14:40,1/6/2020 13:39,40.95763889,11/27/2019 10:51
409K4C7,Miss,11/19/2019 14:08,1/6/2020 10:29,47.84791667,11/19/2019 22:08
409KS8T,Miss,11/22/2019 8:08,1/6/2020 12:35,45.18541667,11/23/2019 2:51
409L7G9,Miss,11/25/2019 17:22,1/6/2020 9:32,41.67361111,11/26/2019 10:23
409KWFC,Miss,11/23/2019 19:21,1/6/2020 19:26,44.00347222,11/24/2019 10:51
409LF97,Miss,11/26/2019 13:29,1/6/2020 13:35,41.00416667,11/26/2019 17:44
409F4LK,Miss,10/29/2019 13:35,12/17/2019 12:42,48.96319444,10/30/2019 19:03
409K8MG,Miss,11/20/2019 9:14,1/6/2020 13:29,47.17708333,11/20/2019 10:58
409KDGD,Miss,11/20/2019 16:07,1/6/2020 11:32,46.80902778,11/20/2019 19:06
409KKN7,Miss,11/21/2019 10:27,1/6/2020 11:28,46.04236111,11/21/2019 21:05
409GPDH,Miss,11/6/2019 13:40,1/6/2020 10:40,60.875,11/6/2019 21:44
409HNMW,Miss,11/12/2019 12:21,1/6/2020 15:38,55.13680556,11/12/2019 18:25
409L3W9,Miss,11/25/2019 10:18,1/7/2020 12:30,43.09166667,11/25/2019 10:30
409LV25,Miss,11/28/2019 14:00,1/7/2020 9:41,39.82013889,11/28/2019 14:17
409J7VD,Miss,11/14/2019 10:23,1/7/2020 10:22,53.99930556,11/14/2019 10:36
409LFW7,Miss,11/26/2019 13:46,1/7/2020 12:26,41.94444444,11/26/2019 14:44
409KDGW,Miss,11/20/2019 15:12,1/7/2020 10:43,47.81319444,11/21/2019 12:58
409L7MH,Miss,11/25/2019 15:33,1/7/2020 10:44,42.79930556,11/27/2019 9:23
409JBBY,Miss,11/14/2019 18:50,1/7/2020 11:36,53.69861111,11/15/2019 0:04
409K2MN,Miss,11/19/2019 10:42,1/7/2020 9:29,48.94930556,11/20/2019 11:47
409LGBS,Miss,11/26/2019 15:52,1/7/2020 10:29,41.77569444,11/27/2019 10:13
409J9DF,Miss,11/14/2019 15:36,1/7/2020 14:58,53.97361111,11/14/2019 16:42
409JNZ8,Miss,11/18/2019 9:26,1/7/2020 16:22,50.28888889,11/18/2019 9:37
409L6TF,Miss,11/25/2019 15:41,1/7/2020 10:31,42.78472222,11/26/2019 2:27
409LF5S,Miss,11/26/2019 11:14,1/7/2020 12:58,42.07222222,11/26/2019 19:26
409JQQ9,Miss,11/18/2019 11:47,1/8/2020 12:55,51.04722222,11/18/2019 11:52
409KV89,Miss,11/22/2019 15:49,1/8/2020 16:01,47.00833333,11/22/2019 15:50
409M2NR,Miss,11/29/2019 15:46,1/8/2020 11:09,39.80763889,12/2/2019 8:21
409GFF4,Miss,11/5/2019 15:45,12/23/2019 12:40,47.87152778,11/6/2019 13:04
409K7VN,Miss,11/20/2019 7:38,1/8/2020 15:27,49.32569444,11/20/2019 15:46
409GL8Y,Miss,11/6/2019 7:26,1/8/2020 9:11,63.07291667,11/7/2019 5:37
409GPF2,Miss,11/6/2019 16:45,1/8/2020 8:59,62.67638889,11/7/2019 1:04
409KD4C,Miss,11/20/2019 15:21,1/8/2020 9:55,48.77361111,11/21/2019 10:05
409FS9C,Miss,11/1/2019 14:00,12/23/2019 13:42,51.9875,11/2/2019 11:27
409HY5K,Miss,11/13/2019 10:02,1/9/2020 13:17,57.13541667,11/13/2019 10:04
409H5M2,Miss,11/8/2019 12:04,1/9/2020 16:13,62.17291667,11/8/2019 12:10
409JRY5,Miss,11/18/2019 11:20,1/9/2020 11:56,52.025,11/18/2019 11:30
409JZ9Z,Miss,11/19/2019 10:46,1/9/2020 15:02,51.17777778,11/19/2019 10:48
409F5M5,Miss,10/29/2019 16:04,12/24/2019 14:29,55.93402778,10/29/2019 16:27
409KN23,Miss,11/21/2019 13:54,1/9/2020 14:21,49.01875,11/21/2019 14:02
409L5BT,Miss,11/25/2019 12:35,1/9/2020 11:12,44.94236111,11/25/2019 12:48
409KLTK,Miss,11/21/2019 14:01,1/9/2020 10:51,48.86805556,11/21/2019 15:31
409K4DF,Miss,11/19/2019 14:15,1/9/2020 9:57,50.82083333,11/20/2019 3:49
409KBJG,Miss,11/20/2019 9:04,1/9/2020 13:53,50.20069444,11/20/2019 12:22
409GD5G,Miss,11/5/2019 12:15,12/18/2019 11:38,42.97430556,11/5/2019 12:27
409GVGZ,Miss,11/7/2019 10:18,12/18/2019 12:42,41.1,11/7/2019 18:53
409GWVY,Miss,11/7/2019 14:25,12/19/2019 12:51,41.93472222,11/8/2019 2:00
409DV7Y,Miss,10/28/2019 17:07,12/18/2019 22:33,51.22638889,10/28/2019 17:11
409G2W3,Miss,11/4/2019 10:43,12/18/2019 11:41,44.04027778,11/4/2019 10:49
409GCWM,Miss,11/5/2019 12:49,12/18/2019 17:40,43.20208333,11/5/2019 12:53
409GVWK,Miss,11/7/2019 12:11,12/18/2019 15:48,41.15069444,11/7/2019 12:12
409GZ8M,Miss,11/7/2019 17:17,12/18/2019 13:49,40.85555556,11/7/2019 17:25
409H7BT,Miss,11/8/2019 16:33,12/18/2019 12:44,39.84097222,11/8/2019 18:32
409JRD9,Miss,11/18/2019 13:04,1/10/2020 16:22,53.1375,11/19/2019 12:49
409HVC4,Miss,11/13/2019 9:17,1/10/2020 11:29,58.09166667,11/13/2019 11:54
409HGZN,Miss,11/11/2019 16:21,1/13/2020 13:16,62.87152778,11/11/2019 16:24
409MQBM,Miss,12/4/2019 9:47,1/13/2020 11:30,40.07152778,12/4/2019 9:55
409MQGL,Miss,12/4/2019 9:58,1/13/2020 11:25,40.06041667,12/4/2019 10:02
409MQYQ,Miss,12/4/2019 10:45,1/13/2020 15:32,40.19930556,12/4/2019 10:55
4097KKY,Miss,9/30/2019 11:40,1/13/2020 16:23,105.1965278,9/30/2019 11:48
409BCQ2,Miss,10/15/2019 9:38,12/18/2019 15:25,64.24097222,10/16/2019 8:25
409D9W3,Miss,10/24/2019 13:09,12/18/2019 14:46,55.06736111,10/24/2019 19:33
4097KNY,Miss,9/30/2019 11:52,1/13/2020 16:23,105.1881944,9/30/2019 11:58
409GC28,Miss,11/5/2019 11:21,12/20/2019 13:26,45.08680556,11/6/2019 10:56
409MQ4P,Miss,12/4/2019 9:25,1/13/2020 11:24,40.08263889,12/4/2019 17:49
409ML3F,Miss,12/3/2019 14:00,1/13/2020 13:26,40.97638889,12/4/2019 4:56
409GTR3,Miss,11/7/2019 9:18,12/17/2019 11:44,40.10138889,11/7/2019 15:41
409MB6N,Miss,12/2/2019 15:05,1/13/2020 12:44,41.90208333,12/2/2019 18:20
409MLKM,Miss,12/3/2019 14:31,1/13/2020 13:48,40.97013889,12/4/2019 14:37
409KVWB,Miss,11/22/2019 18:07,1/13/2020 11:46,51.73541667,11/22/2019 18:42
409MQ8Q,Miss,12/4/2019 9:38,1/13/2020 10:25,40.03263889,12/4/2019 11:25
4098DBJ,Miss,10/3/2019 12:48,12/18/2019 10:55,75.92152778,10/3/2019 12:52
409GM6W,Miss,11/6/2019 8:54,12/18/2019 13:34,42.19444444,11/6/2019 9:01
409H5G7,Miss,11/8/2019 11:42,12/18/2019 12:44,40.04305556,11/9/2019 8:20
409DCNC,Miss,10/24/2019 16:13,12/20/2019 12:38,56.85069444,10/25/2019 16:34
409FKKD,Miss,10/31/2019 11:06,12/17/2019 11:40,47.02361111,11/1/2019 14:57
409FMWZ,Miss,10/31/2019 15:55,12/21/2019 10:21,50.76805556,10/31/2019 16:07
409HYLN,Miss,11/13/2019 12:59,12/27/2019 11:35,43.94166667,11/13/2019 21:22
409GTWY,Miss,11/7/2019 9:33,12/30/2019 9:32,52.99930556,11/7/2019 9:38
409DLTP,Miss,10/26/2019 22:45,12/30/2019 12:25,64.56944444,10/26/2019 23:11
409HY7L,Miss,11/13/2019 12:09,12/30/2019 12:38,47.02013889,11/13/2019 12:14
409JRCC,Miss,11/18/2019 10:01,12/30/2019 14:29,42.18611111,11/18/2019 21:01
409JRG5,Miss,11/18/2019 10:17,12/30/2019 14:29,42.175,11/18/2019 20:36
409JJ6H,Miss,11/15/2019 18:02,12/30/2019 15:28,44.89305556,11/15/2019 18:05
409JSMB,Miss,11/18/2019 14:44,12/30/2019 10:41,41.83125,11/19/2019 6:19
409K54Z,Miss,11/19/2019 14:23,12/30/2019 10:39,40.84444444,11/21/2019 15:03
409K4T2,Miss,11/19/2019 15:25,12/30/2019 13:45,40.93055556,11/19/2019 15:32
409KCNP,Miss,11/20/2019 14:29,12/30/2019 11:45,39.88611111,11/21/2019 6:27
409KDLS,Miss,11/20/2019 16:32,12/30/2019 10:31,39.74930556,11/21/2019 6:27
409C5H8,Miss,10/18/2019 10:14,12/17/2019 14:01,60.15763889,10/18/2019 19:08
409HVMC,Miss,11/13/2019 9:41,12/30/2019 9:31,46.99305556,11/13/2019 12:45
409JJ3S,Miss,11/15/2019 17:28,12/30/2019 12:32,44.79444444,11/18/2019 16:18
409JJDL,Miss,11/15/2019 18:46,12/30/2019 19:29,45.02986111,11/17/2019 5:36
409KC5W,Miss,11/20/2019 10:24,12/30/2019 14:28,40.16944444,11/22/2019 6:53
409JBBV,Miss,11/14/2019 19:50,12/30/2019 16:30,45.86111111,11/15/2019 19:55
409KCJH,Miss,11/20/2019 14:14,12/30/2019 11:43,39.89513889,11/20/2019 17:07
409K3P8,Miss,11/19/2019 12:43,12/30/2019 12:52,41.00625,11/20/2019 16:20
409KCLF,Miss,11/20/2019 14:22,12/30/2019 11:42,39.88888889,11/20/2019 17:11
409GWFL,Miss,11/7/2019 10:17,12/20/2019 16:31,43.25972222,11/7/2019 19:15
409DBMF,Miss,10/24/2019 14:32,12/31/2019 10:55,67.84930556,10/24/2019 14:34
409HH92,Miss,11/11/2019 17:09,12/31/2019 11:44,49.77430556,11/11/2019 17:15
409CFDG,Miss,10/21/2019 11:05,12/31/2019 15:21,71.17777778,10/21/2019 11:21
409JR38,Miss,11/18/2019 11:25,12/31/2019 13:39,43.09305556,11/19/2019 3:42
409JSHM,Miss,11/18/2019 15:30,12/31/2019 14:35,42.96180556,11/18/2019 15:35
409KCVH,Miss,11/20/2019 14:52,12/31/2019 12:39,40.90763889,11/21/2019 15:38
409HYLV,Miss,11/13/2019 13:00,12/31/2019 12:38,47.98472222,11/13/2019 21:09
409KN7T,Miss,11/21/2019 17:44,12/31/2019 14:36,39.86944444,11/21/2019 17:59
409KN4K,Miss,11/21/2019 16:10,12/31/2019 14:21,39.92430556,11/22/2019 16:54
4098B2G,Miss,10/3/2019 9:48,12/31/2019 14:21,89.18958333,10/7/2019 13:09
409KCKT,Miss,11/20/2019 14:20,12/31/2019 10:58,40.85972222,11/20/2019 17:09
409J88V,Miss,11/14/2019 11:09,1/2/2020 19:00,49.32708333,11/14/2019 11:29
409FTT6,Miss,11/2/2019 5:39,1/2/2020 15:44,61.42013889,11/2/2019 5:40
409K4P8,Miss,11/19/2019 15:03,1/2/2020 14:29,43.97638889,11/21/2019 3:25
409KKN2,Miss,11/21/2019 11:26,1/2/2020 10:38,41.96666667,11/21/2019 13:35
409KSZM,Miss,11/22/2019 12:45,1/2/2020 12:40,40.99652778,11/22/2019 17:55
409KQBR,Miss,11/22/2019 7:29,1/2/2020 14:29,41.29166667,11/22/2019 15:21
409KS98,Miss,11/22/2019 11:10,1/2/2020 10:31,40.97291667,11/25/2019 8:22
409K4VH,Miss,11/19/2019 16:33,1/2/2020 13:31,43.87361111,11/20/2019 9:52
409K3V4,Miss,11/19/2019 13:01,1/2/2020 14:28,44.06041667,11/20/2019 11:06
409KBLN,Miss,11/20/2019 12:14,1/2/2020 15:31,43.13680556,11/21/2019 10:52
409KLN6,Miss,11/21/2019 12:38,1/2/2020 14:28,42.07638889,11/22/2019 4:34
409KNKN,Miss,11/21/2019 21:36,1/2/2020 11:29,41.57847222,11/23/2019 10:57
409KKZJ,Miss,11/21/2019 12:06,1/2/2020 13:33,42.06041667,11/23/2019 9:12
409KTFB,Miss,11/22/2019 13:41,1/2/2020 11:26,40.90625,11/23/2019 2:36
409FV6R,Miss,11/2/2019 14:16,1/2/2020 12:31,60.92708333,11/5/2019 1:38
409JRTZ,Miss,11/18/2019 14:09,1/2/2020 11:32,44.89097222,11/19/2019 15:56
409F2T9,Miss,10/29/2019 8:22,1/2/2020 11:30,65.13055556,10/29/2019 18:08
409JY54,Miss,11/19/2019 7:41,1/2/2020 13:33,44.24444444,11/20/2019 9:44
409KLJY,Miss,11/21/2019 13:23,1/3/2020 19:17,43.24583333,11/21/2019 15:04
409KSRP,Miss,11/22/2019 12:15,1/3/2020 12:18,42.00208333,11/22/2019 22:23
409FLGP,Miss,10/31/2019 12:28,1/3/2020 10:45,63.92847222,10/31/2019 17:59
409KBTV,Miss,11/20/2019 12:47,1/3/2020 12:12,43.97569444,11/21/2019 17:53
409HHP2,Miss,11/11/2019 20:31,1/3/2020 19:15,52.94722222,11/12/2019 16:28
409KTB4,Miss,11/22/2019 13:23,1/3/2020 12:27,41.96111111,11/22/2019 21:59
409K4NJ,Miss,11/19/2019 13:02,1/3/2020 15:29,45.10208333,11/19/2019 13:08
4096K4S,Miss,9/24/2019 13:56,1/3/2020 12:39,100.9465278,9/24/2019 14:01
409D7CC,Miss,10/24/2019 8:46,1/3/2020 10:45,71.08263889,10/24/2019 8:51
409H78J,Miss,11/8/2019 15:17,1/3/2020 10:43,55.80972222,11/8/2019 15:19
409HPYJ,Miss,11/12/2019 13:14,1/3/2020 11:39,51.93402778,11/12/2019 13:17
409JS6S,Miss,11/18/2019 14:50,1/3/2020 14:31,45.98680556,11/19/2019 17:45
409KL7T,Miss,11/21/2019 13:38,1/3/2020 17:31,43.16180556,11/21/2019 13:44
409KS4N,Miss,11/22/2019 10:57,1/3/2020 14:33,42.15,11/22/2019 11:22
409L4D2,Miss,11/25/2019 11:00,1/3/2020 14:32,39.14722222,11/25/2019 11:11
409F8MM,Miss,10/30/2019 8:38,12/19/2019 15:59,50.30625,10/30/2019 10:59
409GW39,Miss,11/7/2019 12:25,12/19/2019 13:42,42.05347222,11/8/2019 0:52
409KRPF,Miss,11/22/2019 8:07,1/3/2020 14:32,42.26736111,11/24/2019 14:22
409KTG7,Miss,11/22/2019 13:43,1/3/2020 12:36,41.95347222,11/24/2019 10:51
409HGZK,Miss,11/11/2019 13:21,12/21/2019 18:15,40.20416667,11/11/2019 13:56
409KQNH,Miss,11/22/2019 8:22,1/3/2020 11:44,42.14027778,11/23/2019 8:15
409CRDN,Miss,10/22/2019 11:34,1/3/2020 16:30,73.20555556,10/22/2019 17:47
409JR3K,Miss,11/18/2019 11:27,1/5/2020 20:00,48.35625,12/30/2019 8:32
409GG7H,Miss,11/5/2019 17:47,12/27/2019 11:15,51.72777778,11/5/2019 17:54
409L836,Miss,11/25/2019 22:34,1/5/2020 21:19,40.94791667,11/26/2019 3:55
409D428,Miss,10/23/2019 15:50,1/6/2020 13:39,74.90902778,10/23/2019 16:13
409H675,Miss,11/8/2019 12:32,1/6/2020 14:31,59.08263889,11/8/2019 12:40
409HWYQ,Miss,11/13/2019 11:44,1/6/2020 12:35,54.03541667,11/13/2019 11:48
409J2RL,Miss,11/13/2019 19:13,1/6/2020 18:29,53.96944444,11/13/2019 19:21
409J9LY,Miss,11/14/2019 13:18,1/6/2020 10:39,52.88958333,11/14/2019 13:25
409JJY5,Miss,11/16/2019 19:50,1/6/2020 12:36,50.69861111,11/16/2019 20:08
409JRWR,Miss,11/18/2019 13:17,1/6/2020 14:38,49.05625,11/19/2019 4:32
409JZM5,Miss,11/19/2019 8:12,1/6/2020 14:33,48.26458333,11/19/2019 8:18
409K26L,Miss,11/19/2019 11:00,1/6/2020 10:28,47.97777778,11/19/2019 11:06
409K47L,Miss,11/19/2019 12:50,1/6/2020 10:38,47.90833333,11/19/2019 13:06
409K4TM,Miss,11/19/2019 13:30,1/6/2020 15:28,48.08194444,11/19/2019 13:34
409KJNP,Miss,11/21/2019 7:56,1/6/2020 15:32,46.31666667,11/21/2019 8:04
409KTT7,Miss,11/22/2019 14:52,1/6/2020 14:49,44.99791667,11/22/2019 15:03
409L742,Miss,11/25/2019 15:18,1/6/2020 13:44,41.93472222,11/26/2019 13:43
409L3L2,Miss,11/25/2019 9:49,1/6/2020 14:43,42.20416667,11/25/2019 9:51
409L469,Miss,11/25/2019 10:38,1/6/2020 17:30,42.28611111,11/25/2019 11:05
BNBNZHH,Miss,11/25/2019 13:00,1/6/2020 13:45,42.03125,11/25/2019 16:15
409LFT9,Miss,11/26/2019 11:40,1/6/2020 14:31,41.11875,11/26/2019 11:42
BNBNSVD,Miss,11/26/2019 9:01,1/6/2020 11:34,41.10625,11/26/2019 17:17
409LPQ4,Miss,11/27/2019 16:45,1/6/2020 12:49,39.83611111,11/27/2019 17:27
409JGSP,Miss,11/15/2019 12:35,1/6/2020 13:02,52.01875,11/15/2019 12:44
409K47Q,Miss,11/19/2019 13:49,1/6/2020 10:29,47.86111111,11/20/2019 13:23
409KB2H,Miss,11/20/2019 9:16,1/6/2020 10:28,47.05,11/21/2019 2:45
409KKM5,Miss,11/21/2019 10:23,1/6/2020 10:31,46.00555556,11/23/2019 14:37
409KTS3,Miss,11/22/2019 14:39,1/6/2020 14:39,45,11/25/2019 11:49
409F2VW,Miss,10/29/2019 10:28,1/6/2020 10:26,68.99861111,10/29/2019 20:09
409LP9F,Miss,11/27/2019 14:59,1/6/2020 11:35,39.85833333,11/28/2019 12:12
409KV7C,Miss,11/22/2019 14:40,1/6/2020 11:28,44.86666667,11/25/2019 6:20
409FHVY,Miss,10/31/2019 8:11,1/6/2020 14:40,67.27013889,10/31/2019 16:05
409KT4C,Miss,11/22/2019 12:56,1/6/2020 10:27,44.89652778,11/24/2019 11:45
409KY3V,Miss,11/24/2019 18:36,1/6/2020 11:45,42.71458333,11/24/2019 23:58
409LLDZ,Miss,11/27/2019 9:40,1/6/2020 17:34,40.32916667,11/27/2019 15:22
40995YZ,Miss,10/8/2019 14:30,1/6/2020 15:31,90.04236111,10/8/2019 20:01
409LMPM,Miss,11/27/2019 11:49,1/6/2020 13:38,40.07569444,11/27/2019 19:33
409K4BL,Miss,11/19/2019 14:05,1/6/2020 10:26,47.84791667,11/20/2019 5:47
409KR6Y,Miss,11/22/2019 8:20,1/6/2020 12:30,45.17361111,11/22/2019 12:46
409KSW2,Miss,11/22/2019 12:31,1/6/2020 14:49,45.09583333,11/22/2019 22:11
409FS7C,Miss,11/1/2019 13:50,1/7/2020 10:28,66.85972222,11/1/2019 13:52
409HF59,Miss,11/11/2019 11:54,1/7/2020 11:38,56.98888889,11/11/2019 11:57
409K8TW,Miss,11/20/2019 8:36,1/7/2020 12:27,48.16041667,11/20/2019 8:40
BNBNZK8,Miss,11/25/2019 12:51,1/7/2020 10:43,42.91111111,11/25/2019 16:54
BNBNZJL,Miss,11/25/2019 12:54,1/7/2020 10:40,42.90694444,11/25/2019 16:24
BNBNZKZ,Miss,11/25/2019 12:46,1/7/2020 10:38,42.91111111,11/25/2019 17:03
BNBNZLH,Miss,11/25/2019 12:44,1/7/2020 10:39,42.91319444,11/25/2019 17:10
409LG28,Miss,11/26/2019 15:03,1/7/2020 12:55,41.91111111,11/26/2019 15:09
409LPS4,Miss,11/27/2019 19:37,1/7/2020 13:45,40.75555556,11/27/2019 19:51
409D9RC,Miss,10/24/2019 11:53,12/29/2019 9:05,65.88333333,10/24/2019 12:01
BNBPZPG,Miss,11/20/2019 8:59,12/31/2019 15:24,41.26736111,11/20/2019 23:02
409J9RL,Miss,11/14/2019 14:49,1/2/2020 12:48,48.91597222,11/14/2019 15:03
409J6TB,Miss,11/14/2019 10:39,1/7/2020 13:25,54.11527778,11/14/2019 16:52
409KCKG,Miss,11/20/2019 14:18,1/7/2020 11:44,47.89305556,11/21/2019 6:28
409LF72,Miss,11/26/2019 13:20,1/7/2020 13:27,42.00486111,11/26/2019 17:09
409KBMG,Miss,11/20/2019 12:17,1/7/2020 15:43,48.14305556,11/21/2019 17:56
409L59S,Miss,11/25/2019 12:28,1/7/2020 10:31,42.91875,11/26/2019 5:26
409LN8J,Miss,11/27/2019 12:14,1/7/2020 14:13,41.08263889,11/27/2019 21:35
409G5LC,Miss,11/4/2019 15:05,1/7/2020 12:13,63.88055556,11/5/2019 16:11
409GYTC,Miss,11/7/2019 14:33,1/7/2020 12:44,60.92430556,11/8/2019 10:04
409JR8D,Miss,11/18/2019 11:48,1/7/2020 14:59,50.13263889,11/19/2019 15:05
409GQ42,Miss,11/6/2019 20:15,1/7/2020 12:11,61.66388889,11/7/2019 11:50
409J9NN,Miss,11/14/2019 16:24,1/7/2020 11:41,53.80347222,11/16/2019 14:45
409JSNH,Miss,11/18/2019 14:51,1/8/2020 13:11,50.93055556,11/18/2019 15:04
409LN62,Miss,11/27/2019 9:56,1/8/2020 10:12,42.01111111,11/27/2019 10:05
409JPZR,Miss,11/18/2019 10:44,1/8/2020 11:55,51.04930556,11/19/2019 5:06
409JZCH,Miss,11/19/2019 9:51,1/8/2020 13:25,50.14861111,11/19/2019 9:56
409KCJ5,Miss,11/20/2019 14:15,1/8/2020 9:56,48.82013889,11/20/2019 14:22
BNBNZL9,Miss,11/25/2019 12:45,1/8/2020 10:12,43.89375,11/25/2019 17:07
409LFND,Miss,11/26/2019 11:17,1/8/2020 10:43,42.97638889,11/26/2019 11:56
409H6CG,Miss,11/8/2019 13:53,12/18/2019 13:40,39.99097222,11/8/2019 14:01
409LGGK,Miss,11/26/2019 15:17,1/8/2020 12:54,42.90069444,11/27/2019 10:18
409KB2K,Miss,11/20/2019 11:16,1/8/2020 16:04,49.2,11/21/2019 11:15
409LZJF,Miss,11/29/2019 11:26,1/8/2020 16:11,40.19791667,11/29/2019 12:16
409L48M,Miss,11/25/2019 10:44,1/8/2020 13:26,44.1125,11/29/2019 10:16
409L6VT,Miss,11/25/2019 15:49,1/8/2020 9:56,43.75486111,11/26/2019 6:30
409JGZQ,Miss,11/15/2019 12:59,1/9/2020 13:27,55.01944444,11/17/2019 6:40
409KSGJ,Miss,11/22/2019 10:32,1/9/2020 11:29,48.03958333,11/25/2019 12:52
409KSRT,Miss,11/22/2019 10:16,1/9/2020 12:13,48.08125,11/25/2019 12:57
409LP48,Miss,11/27/2019 15:28,1/9/2020 11:57,42.85347222,11/29/2019 11:09
409L4FB,Miss,11/25/2019 9:59,1/9/2020 10:29,45.02083333,11/26/2019 2:02
409LMMN,Miss,11/27/2019 11:41,1/9/2020 18:26,43.28125,11/28/2019 8:16
409LGDD,Miss,11/26/2019 16:03,1/9/2020 11:15,43.8,11/27/2019 7:26
409GNKY,Miss,11/6/2019 14:52,1/10/2020 11:47,64.87152778,11/6/2019 14:59
409LCN7,Miss,11/26/2019 10:32,1/10/2020 11:56,45.05833333,11/26/2019 10:36
409LV66,Miss,11/28/2019 15:14,1/10/2020 15:13,42.99930556,11/28/2019 15:21
409M3KD,Miss,12/1/2019 14:31,1/10/2020 12:45,39.92638889,12/9/2019 17:02
409M6TZ,Miss,12/2/2019 9:27,1/10/2020 16:22,39.28819444,12/2/2019 9:38
409H54Y,Miss,11/8/2019 11:04,12/23/2019 15:29,45.18402778,11/8/2019 22:29
4098RTH,Miss,10/7/2019 8:41,12/20/2019 11:44,74.12708333,10/7/2019 8:48
409GDZG,Miss,11/5/2019 13:05,12/20/2019 15:38,45.10625,11/5/2019 13:10
409GMV9,Miss,11/6/2019 13:12,12/20/2019 18:31,44.22152778,11/6/2019 13:20
409GQ6P,Miss,11/6/2019 20:25,12/20/2019 16:31,43.8375,11/6/2019 20:28
409GYL4,Miss,11/7/2019 16:01,12/20/2019 17:36,43.06597222,11/7/2019 16:04
409HDHR,Miss,11/11/2019 10:54,12/20/2019 17:34,39.27777778,11/14/2019 18:28
409JHFW,Miss,11/15/2019 14:16,1/10/2020 10:13,55.83125,11/17/2019 2:05
409HHHL,Miss,11/11/2019 15:19,12/20/2019 23:00,39.32013889,11/11/2019 15:25
BNBRWMT,Miss,11/11/2019 10:24,12/20/2019 14:00,39.15,11/11/2019 14:41
409HM63,Miss,11/12/2019 10:01,12/23/2019 10:36,41.02430556,11/12/2019 17:50
409LDBL,Miss,11/26/2019 11:33,1/13/2020 14:00,48.10208333,11/27/2019 15:35
409JGTF,Miss,11/15/2019 13:36,1/13/2020 11:29,58.91180556,11/18/2019 18:57
CLKGYDQ,Miss,11/29/2019 12:38,1/13/2020 15:40,45.12638889,11/29/2019 13:58
409GDR3,Miss,11/5/2019 13:36,12/17/2019 9:37,41.83402778,11/6/2019 14:12
409FLQM,Miss,10/31/2019 10:06,12/18/2019 10:58,48.03611111,10/31/2019 10:11
409G5LG,Miss,11/4/2019 16:12,12/24/2019 16:00,49.99166667,11/4/2019 16:57
409HFHH,Miss,11/11/2019 12:39,12/24/2019 11:25,42.94861111,11/11/2019 16:55
CLKLPZG,Miss,10/28/2019 12:49,12/24/2019 10:56,56.92152778,10/29/2019 7:18
409J88Z,Miss,11/14/2019 13:06,12/24/2019 11:31,39.93402778,11/15/2019 19:14
409BP5L,Miss,10/16/2019 14:29,1/13/2020 12:10,88.90347222,10/16/2019 16:40
409ML3Z,Miss,12/3/2019 16:03,1/13/2020 13:42,40.90208333,12/4/2019 4:50
409MVDP,Miss,12/4/2019 16:14,1/13/2020 13:54,39.90277778,12/5/2019 2:42
CLKQY8R,Miss,9/27/2019 11:40,12/24/2019 9:36,87.91388889,9/27/2019 13:53
409J9P9,Miss,11/14/2019 16:28,12/24/2019 13:32,39.87777778,11/15/2019 19:24
409G4B4,Miss,11/4/2019 13:16,12/20/2019 12:43,45.97708333,11/5/2019 10:51
409FVK9,Miss,11/3/2019 9:52,12/19/2019 10:31,46.02708333,11/5/2019 3:50
409CJ4L,Miss,10/21/2019 13:07,12/19/2019 14:27,59.05555556,10/21/2019 13:18
409GWCK,Miss,11/7/2019 13:07,12/27/2019 10:56,49.90902778,11/8/2019 9:05
409G4RQ,Miss,11/4/2019 14:17,1/10/2020 11:29,66.88333333,11/5/2019 15:58
409GBN5,Miss,11/5/2019 10:49,12/20/2019 13:46,45.12291667,11/5/2019 10:53
409KSL6,Miss,11/22/2019 11:50,1/9/2020 14:56,48.12916667,11/22/2019 20:32
409H59V,Miss,11/8/2019 8:26,12/17/2019 15:03,39.27569444,11/8/2019 18:59
409KHRB,Miss,11/21/2019 5:23,1/7/2020 11:17,47.24583333,11/21/2019 5:31
409LFZZ,Miss,11/26/2019 14:00,1/6/2020 11:37,40.90069444,11/27/2019 15:40
409KNC3,Miss,11/21/2019 15:22,1/6/2020 11:40,45.84583333,11/21/2019 15:36
BNBQPJ8,Miss,11/18/2019 9:04,12/30/2019 14:45,42.23680556,11/19/2019 8:50
409F2SG,Miss,10/29/2019 11:19,12/19/2019 14:44,51.14236111,10/29/2019 21:08
409LNPW,Miss,11/27/2019 14:28,1/13/2020 16:26,47.08194444,11/27/2019 14:39
409M2FB,Miss,11/29/2019 14:48,1/7/2020 19:18,39.1875,11/29/2019 14:51
409KCTT,Miss,11/20/2019 14:53,1/6/2020 16:36,47.07152778,11/20/2019 15:13
409LMBF,Miss,11/27/2019 11:05,1/6/2020 11:36,40.02152778,11/27/2019 22:17
409JP48,Miss,11/18/2019 9:35,1/3/2020 9:42,46.00486111,11/18/2019 23:41
409L77B,Miss,11/25/2019 13:39,1/8/2020 15:39,44.08333333,11/26/2019 18:37
4099MG5,Miss,10/10/2019 9:24,12/19/2019 10:29,70.04513889,10/11/2019 10:50
409HR22,Miss,11/12/2019 15:28,1/2/2020 18:33,51.12847222,11/13/2019 6:57
409G9TM,Miss,11/5/2019 9:34,12/23/2019 10:29,48.03819444,11/5/2019 9:41
409KJN2,Miss,11/21/2019 9:55,1/10/2020 11:52,50.08125,11/21/2019 10:05
409LFST,Miss,11/26/2019 14:36,1/8/2020 16:24,43.075,11/27/2019 7:40
409H82V,Miss,11/9/2019 10:30,12/24/2019 11:51,45.05625,11/9/2019 11:02
409KR83,Miss,11/22/2019 9:23,1/9/2020 11:29,48.0875,11/24/2019 9:28
409JGTY,Miss,11/15/2019 13:43,1/13/2020 11:01,58.8875,11/15/2019 13:56
409KJKD,Miss,11/21/2019 9:48,1/7/2020 11:16,47.06111111,11/21/2019 9:52
409HZ99,Miss,11/13/2019 13:31,12/23/2019 12:38,39.96319444,11/13/2019 17:01
409F5CN,Miss,10/29/2019 16:21,12/19/2019 16:28,51.00486111,10/30/2019 12:56
409GVZ8,Miss,11/7/2019 9:24,12/20/2019 11:50,43.10138889,11/7/2019 9:51
409DJZG,Miss,10/25/2019 13:19,12/19/2019 11:11,54.91111111,10/25/2019 14:38
409KNLN,Miss,11/21/2019 21:39,1/7/2020 12:46,46.62986111,11/24/2019 14:33
409B4FG,Miss,10/14/2019 9:06,1/2/2020 14:45,80.23541667,10/14/2019 16:02
409KR7P,Miss,11/22/2019 9:22,1/2/2020 13:31,41.17291667,11/24/2019 9:24
409FQW7,Miss,11/1/2019 10:42,12/18/2019 12:45,47.08541667,11/1/2019 19:38
409HMYL,Miss,11/12/2019 10:08,12/26/2019 14:48,44.19444444,11/12/2019 14:19
409BGY3,Miss,10/15/2019 14:10,12/18/2019 8:11,63.75069444,10/17/2019 4:55
409FSJR,Miss,11/1/2019 11:39,12/17/2019 20:26,46.36597222,11/1/2019 12:43
409LM4M,Make,11/27/2019 10:47,1/9/2020 9:42,42.95486111,12/4/2019 13:25
409LL2L,Miss,11/27/2019 9:06,1/7/2020 14:17,41.21597222,11/27/2019 20:59
409LKSD,Miss,11/27/2019 5:42,1/6/2020 12:36,40.2875,11/27/2019 14:32
